INFO: Initializing raylib 5.5
INFO: Platform backend: DESKTOP (GLFW)
INFO: Supported raylib modules:
INFO:     > rcore:..... loaded (mandatory)
INFO:     > rlgl:...... loaded (mandatory)
INFO:     > rshapes:... loaded (optional)
INFO:     > rtextures:. loaded (optional)
INFO:     > rtext:..... loaded (optional)
INFO:     > rmodels:... loaded (optional)
INFO:     > raudio:.... loaded (optional)
INFO: DISPLAY: Device initialized successfully
INFO:     > Display size: 1920 x 1080
INFO:     > Screen size:  1280 x 720
INFO:     > Render size:  1280 x 720
INFO:     > Viewport offsets: 0, 0
INFO: GLAD: OpenGL extensions loaded successfully
INFO: GL: Supported extensions count: 403
INFO: GL: OpenGL device information:
INFO:     > Vendor:   NVIDIA Corporation
INFO:     > Renderer: NVIDIA GeForce RTX 4060 Laptop GPU/PCIe/SSE2
INFO:     > Version:  3.3.0 NVIDIA 591.74
INFO:     > GLSL:     3.30 NVIDIA via Cg compiler
INFO: GL: VAO extension detected, VAO functions loaded successfully
INFO: GL: NPOT textures extension detected, full NPOT textures supported
INFO: GL: DXT compressed textures supported
INFO: GL: ETC2/EAC compressed textures supported
INFO: PLATFORM: DESKTOP (GLFW - Win32): Initialized successfully
INFO: TEXTURE: [ID 1] Texture loaded successfully (1x1 | R8G8B8A8 | 1 mipmaps)
INFO: TEXTURE: [ID 1] Default texture loaded successfully
INFO: SHADER: [ID 1] Vertex shader compiled successfully
INFO: SHADER: [ID 2] Fragment shader compiled successfully
INFO: SHADER: [ID 3] Program shader loaded successfully
INFO: SHADER: [ID 3] Default shader loaded successfully
INFO: RLGL: Render batch vertex buffers loaded successfully in RAM (CPU)
INFO: RLGL: Render batch vertex buffers loaded successfully in VRAM (GPU)
INFO: RLGL: Default OpenGL state initialized successfully
INFO: TEXTURE: [ID 2] Texture loaded successfully (128x128 | GRAY_ALPHA | 1 mipmaps)
INFO: FONT: Default font loaded successfully (224 glyphs)
INFO: SYSTEM: Working Directory: D:\my_game
INFO: FILEIO: [D:\my_game\output\world-map-qa\assets/ui/client/ring.png] File loaded successfully
INFO: IMAGE: Data loaded successfully (128x128 | R8G8B8A8 | 1 mipmaps)
INFO: TEXTURE: [ID 3] Texture loaded successfully (128x128 | R8G8B8A8 | 1 mipmaps)
INFO: FILEIO: [D:\my_game\output\world-map-qa\assets/ui/client/direction.png] File loaded successfully
INFO: IMAGE: Data loaded successfully (16x8 | R8G8B8A8 | 1 mipmaps)
INFO: TEXTURE: [ID 4] Texture loaded successfully (16x8 | R8G8B8A8 | 1 mipmaps)
INFO: FILEIO: [D:\my_game\output\world-map-qa\assets/operators/exusiai_portrait.png] File loaded successfully
INFO: IMAGE: Data loaded successfully (597x1250 | R8G8B8A8 | 1 mipmaps)
INFO: TEXTURE: [ID 5] Texture loaded successfully (597x1250 | R8G8B8A8 | 1 mipmaps)
INFO: FILEIO: [D:\my_game\output\world-map-qa\assets/operators/exusiai_chibi.png] File loaded successfully
INFO: IMAGE: Data loaded successfully (1536x2288 | R8G8B8A8 | 1 mipmaps)
INFO: TEXTURE: [ID 6] Texture loaded successfully (1536x2288 | R8G8B8A8 | 1 mipmaps)
INFO: FILEIO: [D:\my_game\output\world-map-qa\assets/operators/exusiai_battle.png] File loaded successfully
INFO: IMAGE: Data loaded successfully (3072x960 | R8G8B8A8 | 1 mipmaps)
INFO: TEXTURE: [ID 7] Texture loaded successfully (3072x960 | R8G8B8A8 | 1 mipmaps)
INFO: FILEIO: [D:\my_game\output\world-map-qa\assets/operators/exusiai_skill_2.png] File loaded successfully
INFO: IMAGE: Data loaded successfully (128x128 | R8G8B8A8 | 1 mipmaps)
INFO: TEXTURE: [ID 8] Texture loaded successfully (128x128 | R8G8B8A8 | 1 mipmaps)
INFO: FILEIO: [D:\my_game\output\world-map-qa\assets/operators/exusiai_skill_3.png] File loaded successfully
INFO: IMAGE: Data loaded successfully (128x128 | R8G8B8A8 | 1 mipmaps)
INFO: TEXTURE: [ID 9] Texture loaded successfully (128x128 | R8G8B8A8 | 1 mipmaps)
INFO: FILEIO: [D:\my_game\output\world-map-qa\assets/operators/texas_portrait.png] File loaded successfully
INFO: IMAGE: Data loaded successfully (1344x1344 | R8G8B8A8 | 1 mipmaps)
INFO: TEXTURE: [ID 10] Texture loaded successfully (1344x1344 | R8G8B8A8 | 1 mipmaps)
INFO: FILEIO: [D:\my_game\output\world-map-qa\assets/operators/texas_chibi.png] File loaded successfully
INFO: IMAGE: Data loaded successfully (1536x2288 | R8G8B8A8 | 1 mipmaps)
INFO: TEXTURE: [ID 11] Texture loaded successfully (1536x2288 | R8G8B8A8 | 1 mipmaps)
INFO: FILEIO: [D:\my_game\output\world-map-qa\assets/operators/texas_skill2_battle.png] File loaded successfully
INFO: IMAGE: Data loaded successfully (3072x768 | R8G8B8A8 | 1 mipmaps)
INFO: TEXTURE: [ID 12] Texture loaded successfully (3072x768 | R8G8B8A8 | 1 mipmaps)
INFO: FILEIO: [D:\my_game\output\world-map-qa\assets/operators/texas_skill2_aura.png] File loaded successfully
INFO: IMAGE: Data loaded successfully (256x256 | R8G8B8A8 | 1 mipmaps)
INFO: TEXTURE: [ID 13] Texture loaded successfully (256x256 | R8G8B8A8 | 1 mipmaps)
INFO: FILEIO: [D:\my_game\output\world-map-qa\assets/operators/texas_skill2_slash_a.png] File loaded successfully
INFO: IMAGE: Data loaded successfully (256x256 | R8G8B8A8 | 1 mipmaps)
INFO: TEXTURE: [ID 14] Texture loaded successfully (256x256 | R8G8B8A8 | 1 mipmaps)
INFO: FILEIO: [D:\my_game\output\world-map-qa\assets/operators/texas_skill2_slash_b.png] File loaded successfully
INFO: IMAGE: Data loaded successfully (256x256 | R8G8B8A8 | 1 mipmaps)
INFO: TEXTURE: [ID 15] Texture loaded successfully (256x256 | R8G8B8A8 | 1 mipmaps)
INFO: FILEIO: [D:\my_game\output\world-map-qa\assets/operators/texas_skill2_burst.png] File loaded successfully
INFO: IMAGE: Data loaded successfully (256x256 | R8G8B8A8 | 1 mipmaps)
INFO: TEXTURE: [ID 16] Texture loaded successfully (256x256 | R8G8B8A8 | 1 mipmaps)
INFO: FILEIO: [D:\my_game\output\world-map-qa\assets/operators/texas_skill2_composite.png] File loaded successfully
INFO: IMAGE: Data loaded successfully (3440x1935 | R8G8B8A8 | 1 mipmaps)
INFO: TEXTURE: [ID 17] Texture loaded successfully (3440x1935 | R8G8B8A8 | 1 mipmaps)
INFO: FILEIO: [D:\my_game\output\world-map-qa\assets/operators/texas_skill2_hit_composite.png] File loaded successfully
INFO: IMAGE: Data loaded successfully (3440x1935 | R8G8B8A8 | 1 mipmaps)
INFO: TEXTURE: [ID 18] Texture loaded successfully (3440x1935 | R8G8B8A8 | 1 mipmaps)
INFO: FILEIO: [D:\my_game\output\world-map-qa\assets/operators/texas_skill2_dark_trail.png] File loaded successfully
INFO: IMAGE: Data loaded successfully (128x128 | R8G8B8A8 | 1 mipmaps)
INFO: TEXTURE: [ID 19] Texture loaded successfully (128x128 | R8G8B8A8 | 1 mipmaps)
INFO: FILEIO: [D:\my_game\output\world-map-qa\assets/operators/texas_skill2_arc.png] File loaded successfully
INFO: IMAGE: Data loaded successfully (256x256 | R8G8B8A8 | 1 mipmaps)
INFO: TEXTURE: [ID 20] Texture loaded successfully (256x256 | R8G8B8A8 | 1 mipmaps)
INFO: FILEIO: [D:\my_game\output\world-map-qa\assets/operators/texas_skill2_impact.png] File loaded successfully
INFO: IMAGE: Data loaded successfully (256x256 | R8G8B8A8 | 1 mipmaps)
INFO: TEXTURE: [ID 21] Texture loaded successfully (256x256 | R8G8B8A8 | 1 mipmaps)
INFO: FILEIO: [D:\my_game\output\world-map-qa\assets/operators/texas_sword.png] File loaded successfully
INFO: IMAGE: Data loaded successfully (19x118 | R8G8B8A8 | 1 mipmaps)
INFO: TEXTURE: [ID 22] Texture loaded successfully (19x118 | R8G8B8A8 | 1 mipmaps)
INFO: FILEIO: [D:\my_game\output\world-map-qa\assets/operators/texas_skill_e.png] File loaded successfully
INFO: IMAGE: Data loaded successfully (128x128 | R8G8B8A8 | 1 mipmaps)
INFO: TEXTURE: [ID 23] Texture loaded successfully (128x128 | R8G8B8A8 | 1 mipmaps)
INFO: FILEIO: [D:\my_game\output\world-map-qa\assets/operators/texas_skill_q.png] File loaded successfully
INFO: IMAGE: Data loaded successfully (128x128 | R8G8B8A8 | 1 mipmaps)
INFO: TEXTURE: [ID 24] Texture loaded successfully (128x128 | R8G8B8A8 | 1 mipmaps)
INFO: FILEIO: [D:\my_game\output\world-map-qa\assets/ui/client/home_battle.png] File loaded successfully
INFO: IMAGE: Data loaded successfully (828x232 | R8G8B8A8 | 1 mipmaps)
INFO: TEXTURE: [ID 25] Texture loaded successfully (828x232 | R8G8B8A8 | 1 mipmaps)
INFO: FILEIO: [D:\my_game\output\world-map-qa\assets/ui/client/home_operator.png] File loaded successfully
INFO: IMAGE: Data loaded successfully (344x152 | R8G8B8A8 | 1 mipmaps)
INFO: TEXTURE: [ID 26] Texture loaded successfully (344x152 | R8G8B8A8 | 1 mipmaps)
INFO: FILEIO: [D:\my_game\output\world-map-qa\assets/ui/client/rhodes.png] File loaded successfully
INFO: IMAGE: Data loaded successfully (260x224 | R8G8B8A8 | 1 mipmaps)
INFO: TEXTURE: [ID 27] Texture loaded successfully (260x224 | R8G8B8A8 | 1 mipmaps)
INFO: FILEIO: [D:\my_game\output\world-map-qa\assets/ui/client/back.png] File loaded successfully
INFO: IMAGE: Data loaded successfully (168x73 | R8G8B8A8 | 1 mipmaps)
INFO: TEXTURE: [ID 28] Texture loaded successfully (168x73 | R8G8B8A8 | 1 mipmaps)
INFO: FILEIO: [D:\my_game\output\world-map-qa\assets/ui/client/dots.png] File loaded successfully
INFO: IMAGE: Data loaded successfully (1024x1024 | R8G8B8A8 | 1 mipmaps)
INFO: TEXTURE: [ID 29] Texture loaded successfully (1024x1024 | R8G8B8A8 | 1 mipmaps)
INFO: FILEIO: [D:\my_game\output\world-map-qa\assets/ui/client/tag.png] File loaded successfully
INFO: IMAGE: Data loaded successfully (172x36 | R8G8B8A8 | 1 mipmaps)
INFO: TEXTURE: [ID 30] Texture loaded successfully (172x36 | R8G8B8A8 | 1 mipmaps)
INFO: FILEIO: [D:\my_game\output\world-map-qa\assets/ui/client/vignette.png] File loaded successfully
INFO: IMAGE: Data loaded successfully (483x344 | R8G8B8A8 | 1 mipmaps)
INFO: TEXTURE: [ID 31] Texture loaded successfully (483x344 | R8G8B8A8 | 1 mipmaps)
INFO: FILEIO: [D:\my_game\output\world-map-qa\assets/ui/client/sniper.png] File loaded successfully
INFO: IMAGE: Data loaded successfully (42x42 | R8G8B8A8 | 1 mipmaps)
INFO: TEXTURE: [ID 32] Texture loaded successfully (42x42 | R8G8B8A8 | 1 mipmaps)
INFO: FILEIO: [D:\my_game\output\world-map-qa\assets/ui/client/guard.png] File loaded successfully
INFO: IMAGE: Data loaded successfully (42x42 | R8G8B8A8 | 1 mipmaps)
INFO: TEXTURE: [ID 33] Texture loaded successfully (42x42 | R8G8B8A8 | 1 mipmaps)
INFO: FILEIO: [D:\my_game\output\world-map-qa\assets/ui/client/stars.png] File loaded successfully
INFO: IMAGE: Data loaded successfully (151x48 | R8G8B8A8 | 1 mipmaps)
INFO: TEXTURE: [ID 34] Texture loaded successfully (151x48 | R8G8B8A8 | 1 mipmaps)
INFO: FILEIO: [D:\my_game\output\world-map-qa\assets/ui/client/skill_shadow.png] File loaded successfully
INFO: IMAGE: Data loaded successfully (99x98 | R8G8B8A8 | 1 mipmaps)
INFO: TEXTURE: [ID 35] Texture loaded successfully (99x98 | R8G8B8A8 | 1 mipmaps)
INFO: FILEIO: [D:\my_game\output\world-map-qa\assets/ui/client/ring.png] File loaded successfully
INFO: IMAGE: Data loaded successfully (128x128 | R8G8B8A8 | 1 mipmaps)
INFO: TEXTURE: [ID 36] Texture loaded successfully (128x128 | R8G8B8A8 | 1 mipmaps)
INFO: FILEIO: [D:\my_game\output\world-map-qa\assets/ui/client/direction.png] File loaded successfully
INFO: IMAGE: Data loaded successfully (16x8 | R8G8B8A8 | 1 mipmaps)
INFO: TEXTURE: [ID 37] Texture loaded successfully (16x8 | R8G8B8A8 | 1 mipmaps)
INFO: FILEIO: [D:\my_game\output\world-map-qa\assets/ui/client/panel.png] File loaded successfully
INFO: IMAGE: Data loaded successfully (484x164 | R8G8B8A8 | 1 mipmaps)
INFO: TEXTURE: [ID 38] Texture loaded successfully (484x164 | R8G8B8A8 | 1 mipmaps)
INFO: FILEIO: [D:\my_game\output\world-map-qa\assets/ui/client/hp.png] File loaded successfully
INFO: IMAGE: Data loaded successfully (560x24 | R8G8B8A8 | 1 mipmaps)
INFO: TEXTURE: [ID 39] Texture loaded successfully (560x24 | R8G8B8A8 | 1 mipmaps)
INFO: FILEIO: [D:\my_game\output\world-map-qa\assets/ui/client/sp.png] File loaded successfully
INFO: IMAGE: Data loaded successfully (555x22 | R8G8B8A8 | 1 mipmaps)
INFO: TEXTURE: [ID 40] Texture loaded successfully (555x22 | R8G8B8A8 | 1 mipmaps)
INFO: FILEIO: [D:\my_game\output\world-map-qa\assets/ui/client/pause.png] File loaded successfully
INFO: IMAGE: Data loaded successfully (193x159 | R8G8B8A8 | 1 mipmaps)
INFO: TEXTURE: [ID 41] Texture loaded successfully (193x159 | R8G8B8A8 | 1 mipmaps)
INFO: FILEIO: [D:\my_game\output\world-map-qa\assets/ui/client/map_bg.png] File loaded successfully
INFO: IMAGE: Data loaded successfully (1024x576 | R8G8B8A8 | 1 mipmaps)
INFO: TEXTURE: [ID 42] Texture loaded successfully (1024x576 | R8G8B8A8 | 1 mipmaps)
INFO: FILEIO: [D:\my_game\output\world-map-qa\assets/ui/client/map_bkg_normal.png] File loaded successfully
INFO: IMAGE: Data loaded successfully (166x82 | R8G8B8A8 | 1 mipmaps)
INFO: TEXTURE: [ID 43] Texture loaded successfully (166x82 | R8G8B8A8 | 1 mipmaps)
INFO: FILEIO: [D:\my_game\output\world-map-qa\assets/ui/client/map_bkg_normal_branch.png] File loaded successfully
INFO: IMAGE: Data loaded successfully (166x82 | R8G8B8A8 | 1 mipmaps)
INFO: TEXTURE: [ID 44] Texture loaded successfully (166x82 | R8G8B8A8 | 1 mipmaps)
INFO: FILEIO: [D:\my_game\output\world-map-qa\assets/ui/client/map_bkg_hilight.png] File loaded successfully
INFO: IMAGE: Data loaded successfully (166x82 | R8G8B8A8 | 1 mipmaps)
INFO: TEXTURE: [ID 45] Texture loaded successfully (166x82 | R8G8B8A8 | 1 mipmaps)
INFO: FILEIO: [D:\my_game\output\world-map-qa\assets/ui/client/map_details_bg.png] File loaded successfully
INFO: IMAGE: Data loaded successfully (371x478 | R8G8B8A8 | 1 mipmaps)
INFO: TEXTURE: [ID 46] Texture loaded successfully (371x478 | R8G8B8A8 | 1 mipmaps)
INFO: FILEIO: [D:\my_game\output\world-map-qa\assets/ui/client/map_icon_stage_rank_3.png] File loaded successfully
INFO: IMAGE: Data loaded successfully (40x45 | R8G8B8A8 | 1 mipmaps)
INFO: TEXTURE: [ID 47] Texture loaded successfully (40x45 | R8G8B8A8 | 1 mipmaps)
INFO: FILEIO: [D:\my_game\output\world-map-qa\assets/ui/client/map_sprite_track_point_frame.png] File loaded successfully
INFO: IMAGE: Data loaded successfully (39x39 | R8G8B8A8 | 1 mipmaps)
INFO: TEXTURE: [ID 48] Texture loaded successfully (39x39 | R8G8B8A8 | 1 mipmaps)
INFO: FILEIO: [D:\my_game\output\world-map-qa\assets/ui/stage/bg.png] File loaded successfully
INFO: IMAGE: Data loaded successfully (1024x576 | R8G8B8A8 | 1 mipmaps)
INFO: TEXTURE: [ID 49] Texture loaded successfully (1024x576 | R8G8B8A8 | 1 mipmaps)
INFO: FILEIO: [D:\my_game\output\world-map-qa\assets/ui/stage/bkg_normal.png] File loaded successfully
INFO: IMAGE: Data loaded successfully (166x82 | R8G8B8A8 | 1 mipmaps)
INFO: TEXTURE: [ID 50] Texture loaded successfully (166x82 | R8G8B8A8 | 1 mipmaps)
INFO: FILEIO: [D:\my_game\output\world-map-qa\assets/ui/stage/bkg_normal_branch.png] File loaded successfully
INFO: IMAGE: Data loaded successfully (166x82 | R8G8B8A8 | 1 mipmaps)
INFO: TEXTURE: [ID 51] Texture loaded successfully (166x82 | R8G8B8A8 | 1 mipmaps)
INFO: FILEIO: [D:\my_game\output\world-map-qa\assets/ui/stage/bkg_hilight.png] File loaded successfully
INFO: IMAGE: Data loaded successfully (166x82 | R8G8B8A8 | 1 mipmaps)
INFO: TEXTURE: [ID 52] Texture loaded successfully (166x82 | R8G8B8A8 | 1 mipmaps)
INFO: FILEIO: [D:\my_game\output\world-map-qa\assets/ui/stage/sprite_track_point_frame.png] File loaded successfully
INFO: IMAGE: Data loaded successfully (39x39 | R8G8B8A8 | 1 mipmaps)
INFO: TEXTURE: [ID 53] Texture loaded successfully (39x39 | R8G8B8A8 | 1 mipmaps)
INFO: FILEIO: [D:\my_game\output\world-map-qa\assets/ui/stage/sprite_track_point_center.png] File loaded successfully
INFO: IMAGE: Data loaded successfully (23x23 | R8G8B8A8 | 1 mipmaps)
INFO: TEXTURE: [ID 54] Texture loaded successfully (23x23 | R8G8B8A8 | 1 mipmaps)
INFO: FILEIO: [D:\my_game\output\world-map-qa\assets/ui/stage/icon_stage_rank_3.png] File loaded successfully
INFO: IMAGE: Data loaded successfully (40x45 | R8G8B8A8 | 1 mipmaps)
INFO: TEXTURE: [ID 55] Texture loaded successfully (40x45 | R8G8B8A8 | 1 mipmaps)
INFO: FILEIO: [D:\my_game\output\world-map-qa\assets/ui/stage/icon_stage_rank_0.png] File loaded successfully
INFO: IMAGE: Data loaded successfully (40x45 | R8G8B8A8 | 1 mipmaps)
INFO: TEXTURE: [ID 56] Texture loaded successfully (40x45 | R8G8B8A8 | 1 mipmaps)
INFO: FILEIO: [D:\my_game\output\world-map-qa\assets/ui/stage/icon_boss_normal.png] File loaded successfully
INFO: IMAGE: Data loaded successfully (80x85 | R8G8B8A8 | 1 mipmaps)
INFO: TEXTURE: [ID 57] Texture loaded successfully (80x85 | R8G8B8A8 | 1 mipmaps)
INFO: FILEIO: [D:\my_game\output\world-map-qa\assets/ui/stage/icon_boss_hilight.png] File loaded successfully
INFO: IMAGE: Data loaded successfully (80x85 | R8G8B8A8 | 1 mipmaps)
INFO: TEXTURE: [ID 58] Texture loaded successfully (80x85 | R8G8B8A8 | 1 mipmaps)
INFO: FILEIO: [D:\my_game\output\world-map-qa\assets/ui/stage/scrollbar.png] File loaded successfully
INFO: IMAGE: Data loaded successfully (7x25 | R8G8B8A8 | 1 mipmaps)
INFO: TEXTURE: [ID 59] Texture loaded successfully (7x25 | R8G8B8A8 | 1 mipmaps)
INFO: FILEIO: [D:\my_game\output\world-map-qa\assets/ui/stage/scrollbar_bg.png] File loaded successfully
INFO: IMAGE: Data loaded successfully (7x25 | R8G8B8A8 | 1 mipmaps)
INFO: TEXTURE: [ID 60] Texture loaded successfully (7x25 | R8G8B8A8 | 1 mipmaps)
INFO: FILEIO: [D:\my_game\output\world-map-qa\assets/ui/stage/img_info_bg.png] File loaded successfully
INFO: IMAGE: Data loaded successfully (511x89 | R8G8B8A8 | 1 mipmaps)
INFO: TEXTURE: [ID 61] Texture loaded successfully (511x89 | R8G8B8A8 | 1 mipmaps)
INFO: FILEIO: [D:\my_game\output\world-map-qa\assets/ui/stage/btn_close.png] File loaded successfully
INFO: IMAGE: Data loaded successfully (57x59 | R8G8B8A8 | 1 mipmaps)
INFO: TEXTURE: [ID 62] Texture loaded successfully (57x59 | R8G8B8A8 | 1 mipmaps)
INFO: FILEIO: [D:\my_game\output\world-map-qa\assets/ui/stage/btn_shadow.png] File loaded successfully
INFO: IMAGE: Data loaded successfully (61x61 | R8G8B8A8 | 1 mipmaps)
INFO: TEXTURE: [ID 63] Texture loaded successfully (61x61 | R8G8B8A8 | 1 mipmaps)
INFO: FILEIO: [D:\my_game\output\world-map-qa\assets/ui/stage/confirm_icon.png] File loaded successfully
INFO: IMAGE: Data loaded successfully (75x75 | R8G8B8A8 | 1 mipmaps)
INFO: TEXTURE: [ID 64] Texture loaded successfully (75x75 | R8G8B8A8 | 1 mipmaps)
INFO: FILEIO: [D:\my_game\output\world-map-qa\assets/ui/stage/image_stage_preview_back.png] File loaded successfully
INFO: IMAGE: Data loaded successfully (35x35 | R8G8B8A8 | 1 mipmaps)
INFO: TEXTURE: [ID 65] Texture loaded successfully (35x35 | R8G8B8A8 | 1 mipmaps)
INFO: FILEIO: [D:\my_game\output\world-map-qa\assets/ui/stage/sprite_background.png] File loaded successfully
INFO: IMAGE: Data loaded successfully (1024x1024 | R8G8B8A8 | 1 mipmaps)
INFO: TEXTURE: [ID 66] Texture loaded successfully (1024x1024 | R8G8B8A8 | 1 mipmaps)
INFO: FILEIO: [D:\my_game\output\world-map-qa\assets/ui/stage/main_0.png] File loaded successfully
INFO: IMAGE: Data loaded successfully (280x166 | R8G8B8A8 | 1 mipmaps)
INFO: TEXTURE: [ID 67] Texture loaded successfully (280x166 | R8G8B8A8 | 1 mipmaps)
INFO: FILEIO: [D:\my_game\output\world-map-qa\assets/ui/stage/main_1.png] File loaded successfully
INFO: IMAGE: Data loaded successfully (280x166 | R8G8B8A8 | 1 mipmaps)
INFO: TEXTURE: [ID 68] Texture loaded successfully (280x166 | R8G8B8A8 | 1 mipmaps)
INFO: FILEIO: [D:\my_game\output\world-map-qa\assets/ui/stage/main_2.png] File loaded successfully
INFO: IMAGE: Data loaded successfully (280x166 | R8G8B8A8 | 1 mipmaps)
INFO: TEXTURE: [ID 69] Texture loaded successfully (280x166 | R8G8B8A8 | 1 mipmaps)
INFO: FILEIO: [D:\my_game\output\world-map-qa\assets/ui/stage/main_3.png] File loaded successfully
INFO: IMAGE: Data loaded successfully (280x166 | R8G8B8A8 | 1 mipmaps)
INFO: TEXTURE: [ID 70] Texture loaded successfully (280x166 | R8G8B8A8 | 1 mipmaps)
INFO: FILEIO: [D:\my_game\output\world-map-qa\assets/ui/stage/main_4.png] File loaded successfully
INFO: IMAGE: Data loaded successfully (280x166 | R8G8B8A8 | 1 mipmaps)
INFO: TEXTURE: [ID 71] Texture loaded successfully (280x166 | R8G8B8A8 | 1 mipmaps)
INFO: FILEIO: [D:\my_game\output\world-map-qa\assets/ui/stage/main_5.png] File loaded successfully
INFO: IMAGE: Data loaded successfully (280x166 | R8G8B8A8 | 1 mipmaps)
INFO: TEXTURE: [ID 72] Texture loaded successfully (280x166 | R8G8B8A8 | 1 mipmaps)
INFO: FILEIO: [D:\my_game\output\world-map-qa\assets/ui/stage/main_6.png] File loaded successfully
INFO: IMAGE: Data loaded successfully (280x166 | R8G8B8A8 | 1 mipmaps)
INFO: TEXTURE: [ID 73] Texture loaded successfully (280x166 | R8G8B8A8 | 1 mipmaps)
INFO: FILEIO: [D:\my_game\output\world-map-qa\assets/ui/stage/scene_main_0.png] File loaded successfully
INFO: IMAGE: Data loaded successfully (494x394 | R8G8B8A8 | 1 mipmaps)
INFO: TEXTURE: [ID 74] Texture loaded successfully (494x394 | R8G8B8A8 | 1 mipmaps)
INFO: FILEIO: [D:\my_game\output\world-map-qa\assets/ui/stage/scene_main_1.png] File loaded successfully
INFO: IMAGE: Data loaded successfully (497x396 | R8G8B8A8 | 1 mipmaps)
INFO: TEXTURE: [ID 75] Texture loaded successfully (497x396 | R8G8B8A8 | 1 mipmaps)
INFO: FILEIO: [D:\my_game\output\world-map-qa\assets/ui/stage/scene_main_2.png] File loaded successfully
INFO: IMAGE: Data loaded successfully (490x395 | R8G8B8A8 | 1 mipmaps)
INFO: TEXTURE: [ID 76] Texture loaded successfully (490x395 | R8G8B8A8 | 1 mipmaps)
INFO: FILEIO: [D:\my_game\output\world-map-qa\assets/ui/stage/scene_main_3.png] File loaded successfully
INFO: IMAGE: Data loaded successfully (497x395 | R8G8B8A8 | 1 mipmaps)
INFO: TEXTURE: [ID 77] Texture loaded successfully (497x395 | R8G8B8A8 | 1 mipmaps)
INFO: FILEIO: [D:\my_game\output\world-map-qa\assets/ui/stage/scene_main_4.png] File loaded successfully
INFO: IMAGE: Data loaded successfully (504x397 | R8G8B8A8 | 1 mipmaps)
INFO: TEXTURE: [ID 78] Texture loaded successfully (504x397 | R8G8B8A8 | 1 mipmaps)
INFO: FILEIO: [D:\my_game\output\world-map-qa\assets/ui/stage/scene_main_5.png] File loaded successfully
INFO: IMAGE: Data loaded successfully (497x396 | R8G8B8A8 | 1 mipmaps)
INFO: TEXTURE: [ID 79] Texture loaded successfully (497x396 | R8G8B8A8 | 1 mipmaps)
INFO: FILEIO: [D:\my_game\output\world-map-qa\assets/ui/stage/scene_main_6.png] File loaded successfully
INFO: IMAGE: Data loaded successfully (497x396 | R8G8B8A8 | 1 mipmaps)
INFO: TEXTURE: [ID 80] Texture loaded successfully (497x396 | R8G8B8A8 | 1 mipmaps)
INFO: FILEIO: [C:/Windows/Fonts/simhei.ttf] File loaded successfully
INFO: TEXTURE: [ID 81] Texture loaded successfully (4096x4096 | GRAY_ALPHA | 1 mipmaps)
INFO: FONT: Data loaded successfully (128 pixel size | 872 glyphs)
INFO: TEXTURE: [ID 81] Mipmaps generated automatically, total: 13
INFO: IMAGE: Data loaded successfully (1344x1344 | R8G8B8A8 | 1 mipmaps)
INFO: TEXTURE: [ID 82] Texture loaded successfully (1344x1344 | R8G8B8A8 | 1 mipmaps)
INFO: IMAGE: Data loaded successfully (1536x2288 | R8G8B8A8 | 1 mipmaps)
INFO: TEXTURE: [ID 83] Texture loaded successfully (1536x2288 | R8G8B8A8 | 1 mipmaps)
INFO: IMAGE: Data loaded successfully (128x128 | R8G8B8A8 | 1 mipmaps)
INFO: TEXTURE: [ID 84] Texture loaded successfully (128x128 | R8G8B8A8 | 1 mipmaps)
INFO: FILEIO: [C:/Windows/Fonts/simhei.ttf] File loaded successfully
INFO: TEXTURE: [ID 85] Texture loaded successfully (4096x4096 | GRAY_ALPHA | 1 mipmaps)
INFO: FONT: Data loaded successfully (128 pixel size | 877 glyphs)
INFO: TEXTURE: [ID 81] Unloaded texture data from VRAM (GPU)
INFO: TEXTURE: [ID 85] Mipmaps generated automatically, total: 13
INFO: TEXTURE: [ID 81] Texture loaded successfully (1280x720 | R8G8B8A8 | 1 mipmaps)
INFO: TEXTURE: [ID 1] Depth renderbuffer loaded successfully (32 bits)
INFO: FBO: [ID 1] Framebuffer object created successfully
INFO: TEXTURE: [ID 81] Pixel data retrieved successfully
INFO: FILEIO: [D:\my_game\output\world-map-qa\character-qa\menu.png] File saved successfully
INFO: FILEIO: [D:\my_game\output\world-map-qa\character-qa\menu.png] Image exported successfully
INFO: FBO: [ID 1] Unloaded framebuffer from VRAM (GPU)
INFO: FILEIO: [D:\my_game\output\world-map-qa\assets/environment/red_gate/entry_front.png] File loaded successfully
INFO: IMAGE: Data loaded successfully (512x512 | R8G8B8A8 | 1 mipmaps)
INFO: TEXTURE: [ID 81] Texture loaded successfully (512x512 | R8G8B8A8 | 1 mipmaps)
INFO: FILEIO: [D:\my_game\output\world-map-qa\assets/environment/red_gate/entry_add.png] File loaded successfully
INFO: IMAGE: Data loaded successfully (512x512 | R8G8B8A8 | 1 mipmaps)
INFO: TEXTURE: [ID 86] Texture loaded successfully (512x512 | R8G8B8A8 | 1 mipmaps)
INFO: FILEIO: [D:\my_game\output\world-map-qa\assets/enemies/mobs\slug.png] File loaded successfully
INFO: IMAGE: Data loaded successfully (1920x768 | R8G8B8A8 | 1 mipmaps)
INFO: TEXTURE: [ID 87] Texture loaded successfully (1920x768 | R8G8B8A8 | 1 mipmaps)
INFO: FILEIO: [D:\my_game\output\world-map-qa\assets/enemies/mobs\acid_slug.png] File loaded successfully
INFO: IMAGE: Data loaded successfully (1920x768 | R8G8B8A8 | 1 mipmaps)
INFO: TEXTURE: [ID 88] Texture loaded successfully (1920x768 | R8G8B8A8 | 1 mipmaps)
INFO: FILEIO: [D:\my_game\output\world-map-qa\assets/enemies/mobs\slug_high.png] File loaded successfully
INFO: IMAGE: Data loaded successfully (1920x768 | R8G8B8A8 | 1 mipmaps)
INFO: TEXTURE: [ID 89] Texture loaded successfully (1920x768 | R8G8B8A8 | 1 mipmaps)
INFO: FILEIO: [D:\my_game\output\world-map-qa\assets/enemies/mobs\irr_slug.png] File loaded successfully
INFO: IMAGE: Data loaded successfully (1920x768 | R8G8B8A8 | 1 mipmaps)
INFO: TEXTURE: [ID 90] Texture loaded successfully (1920x768 | R8G8B8A8 | 1 mipmaps)
INFO: FILEIO: [D:\my_game\output\world-map-qa\assets/enemies/mobs\soldier.png] File loaded successfully
INFO: IMAGE: Data loaded successfully (1920x768 | R8G8B8A8 | 1 mipmaps)
INFO: TEXTURE: [ID 91] Texture loaded successfully (1920x768 | R8G8B8A8 | 1 mipmaps)
INFO: FILEIO: [D:\my_game\output\world-map-qa\assets/enemies/mobs\crossbow.png] File loaded successfully
INFO: IMAGE: Data loaded successfully (1920x768 | R8G8B8A8 | 1 mipmaps)
INFO: TEXTURE: [ID 92] Texture loaded successfully (1920x768 | R8G8B8A8 | 1 mipmaps)
INFO: FILEIO: [D:\my_game\output\world-map-qa\assets/enemies/mobs\caster.png] File loaded successfully
INFO: IMAGE: Data loaded successfully (1920x768 | R8G8B8A8 | 1 mipmaps)
INFO: TEXTURE: [ID 93] Texture loaded successfully (1920x768 | R8G8B8A8 | 1 mipmaps)
INFO: FILEIO: [D:\my_game\output\world-map-qa\assets/enemies/mobs\hound.png] File loaded successfully
INFO: IMAGE: Data loaded successfully (1920x768 | R8G8B8A8 | 1 mipmaps)
INFO: TEXTURE: [ID 94] Texture loaded successfully (1920x768 | R8G8B8A8 | 1 mipmaps)
INFO: FILEIO: [D:\my_game\output\world-map-qa\assets/enemies/mobs\stealth_crossbow.png] File loaded successfully
INFO: IMAGE: Data loaded successfully (1920x768 | R8G8B8A8 | 1 mipmaps)
INFO: TEXTURE: [ID 95] Texture loaded successfully (1920x768 | R8G8B8A8 | 1 mipmaps)
INFO: FILEIO: [D:\my_game\output\world-map-qa\assets/enemies/mobs\shield_v2.png] File loaded successfully
INFO: IMAGE: Data loaded successfully (1920x768 | R8G8B8A8 | 1 mipmaps)
INFO: TEXTURE: [ID 96] Texture loaded successfully (1920x768 | R8G8B8A8 | 1 mipmaps)
INFO: FILEIO: [D:\my_game\output\world-map-qa\assets/enemies/mobs\drone.png] File loaded successfully
INFO: IMAGE: Data loaded successfully (1920x768 | R8G8B8A8 | 1 mipmaps)
INFO: TEXTURE: [ID 97] Texture loaded successfully (1920x768 | R8G8B8A8 | 1 mipmaps)
INFO: TEXTURE: [ID 98] Texture loaded successfully (1280x720 | R8G8B8A8 | 1 mipmaps)
INFO: TEXTURE: [ID 1] Depth renderbuffer loaded successfully (32 bits)
INFO: FBO: [ID 1] Framebuffer object created successfully
INFO: TEXTURE: [ID 98] Pixel data retrieved successfully
INFO: FILEIO: [D:\my_game\output\world-map-qa\character-qa\enemy-directions.png] File saved successfully
INFO: FILEIO: [D:\my_game\output\world-map-qa\character-qa\enemy-directions.png] Image exported successfully
INFO: FBO: [ID 1] Unloaded framebuffer from VRAM (GPU)
INFO: TEXTURE: [ID 98] Texture loaded successfully (1280x720 | R8G8B8A8 | 1 mipmaps)
INFO: TEXTURE: [ID 1] Depth renderbuffer loaded successfully (32 bits)
INFO: FBO: [ID 1] Framebuffer object created successfully
INFO: TEXTURE: [ID 98] Pixel data retrieved successfully
INFO: FILEIO: [D:\my_game\output\world-map-qa\character-qa\enemy-roster.png] File saved successfully
INFO: FILEIO: [D:\my_game\output\world-map-qa\character-qa\enemy-roster.png] Image exported successfully
INFO: FBO: [ID 1] Unloaded framebuffer from VRAM (GPU)
INFO: TEXTURE: [ID 98] Texture loaded successfully (1280x720 | R8G8B8A8 | 1 mipmaps)
INFO: TEXTURE: [ID 1] Depth renderbuffer loaded successfully (32 bits)
INFO: FBO: [ID 1] Framebuffer object created successfully
INFO: TEXTURE: [ID 98] Pixel data retrieved successfully
INFO: FILEIO: [D:\my_game\output\world-map-qa\character-qa\enemy-telegraphs.png] File saved successfully
INFO: FILEIO: [D:\my_game\output\world-map-qa\character-qa\enemy-telegraphs.png] Image exported successfully
INFO: FBO: [ID 1] Unloaded framebuffer from VRAM (GPU)
INFO: TEXTURE: [ID 98] Texture loaded successfully (1280x720 | R8G8B8A8 | 1 mipmaps)
INFO: TEXTURE: [ID 1] Depth renderbuffer loaded successfully (32 bits)
INFO: FBO: [ID 1] Framebuffer object created successfully
INFO: TEXTURE: [ID 98] Pixel data retrieved successfully
INFO: FILEIO: [D:\my_game\output\world-map-qa\character-qa\enemy-stealth.png] File saved successfully
INFO: FILEIO: [D:\my_game\output\world-map-qa\character-qa\enemy-stealth.png] Image exported successfully
INFO: FBO: [ID 1] Unloaded framebuffer from VRAM (GPU)
INFO: TEXTURE: [ID 87] Unloaded texture data from VRAM (GPU)
INFO: TEXTURE: [ID 88] Unloaded texture data from VRAM (GPU)
INFO: TEXTURE: [ID 89] Unloaded texture data from VRAM (GPU)
INFO: TEXTURE: [ID 90] Unloaded texture data from VRAM (GPU)
INFO: TEXTURE: [ID 91] Unloaded texture data from VRAM (GPU)
INFO: TEXTURE: [ID 92] Unloaded texture data from VRAM (GPU)
INFO: TEXTURE: [ID 93] Unloaded texture data from VRAM (GPU)
INFO: TEXTURE: [ID 94] Unloaded texture data from VRAM (GPU)
INFO: TEXTURE: [ID 95] Unloaded texture data from VRAM (GPU)
INFO: TEXTURE: [ID 96] Unloaded texture data from VRAM (GPU)
INFO: TEXTURE: [ID 97] Unloaded texture data from VRAM (GPU)
INFO: TEXTURE: [ID 81] Unloaded texture data from VRAM (GPU)
INFO: TEXTURE: [ID 86] Unloaded texture data from VRAM (GPU)
INFO: TEXTURE: [ID 81] Texture loaded successfully (1280x720 | R8G8B8A8 | 1 mipmaps)
INFO: TEXTURE: [ID 1] Depth renderbuffer loaded successfully (32 bits)
INFO: FBO: [ID 1] Framebuffer object created successfully
INFO: TEXTURE: [ID 81] Pixel data retrieved successfully
INFO: FILEIO: [D:\my_game\output\world-map-qa\character-qa\home.png] File saved successfully
INFO: FILEIO: [D:\my_game\output\world-map-qa\character-qa\home.png] Image exported successfully
INFO: FBO: [ID 1] Unloaded framebuffer from VRAM (GPU)
INFO: TEXTURE: [ID 81] Texture loaded successfully (1280x720 | R8G8B8A8 | 1 mipmaps)
INFO: TEXTURE: [ID 1] Depth renderbuffer loaded successfully (32 bits)
INFO: FBO: [ID 1] Framebuffer object created successfully
INFO: TEXTURE: [ID 81] Pixel data retrieved successfully
INFO: FILEIO: [D:\my_game\output\world-map-qa\character-qa\character-select.png] File saved successfully
INFO: FILEIO: [D:\my_game\output\world-map-qa\character-qa\character-select.png] Image exported successfully
INFO: FBO: [ID 1] Unloaded framebuffer from VRAM (GPU)
INFO: TEXTURE: [ID 81] Texture loaded successfully (1280x720 | R8G8B8A8 | 1 mipmaps)
INFO: TEXTURE: [ID 1] Depth renderbuffer loaded successfully (32 bits)
INFO: FBO: [ID 1] Framebuffer object created successfully
INFO: TEXTURE: [ID 81] Pixel data retrieved successfully
INFO: FILEIO: [D:\my_game\output\world-map-qa\character-qa\stage.png] File saved successfully
INFO: FILEIO: [D:\my_game\output\world-map-qa\character-qa\stage.png] Image exported successfully
INFO: FBO: [ID 1] Unloaded framebuffer from VRAM (GPU)
INFO: TEXTURE: [ID 81] Texture loaded successfully (1280x720 | R8G8B8A8 | 1 mipmaps)
INFO: TEXTURE: [ID 1] Depth renderbuffer loaded successfully (32 bits)
INFO: FBO: [ID 1] Framebuffer object created successfully
INFO: TEXTURE: [ID 81] Pixel data retrieved successfully
INFO: FILEIO: [D:\my_game\output\world-map-qa\character-qa\archive.png] File saved successfully
INFO: FILEIO: [D:\my_game\output\world-map-qa\character-qa\archive.png] Image exported successfully
INFO: FBO: [ID 1] Unloaded framebuffer from VRAM (GPU)
INFO: TEXTURE: [ID 81] Texture loaded successfully (1280x720 | R8G8B8A8 | 1 mipmaps)
INFO: TEXTURE: [ID 1] Depth renderbuffer loaded successfully (32 bits)
INFO: FBO: [ID 1] Framebuffer object created successfully
INFO: TEXTURE: [ID 81] Pixel data retrieved successfully
INFO: FILEIO: [D:\my_game\output\world-map-qa\character-qa\equipment.png] File saved successfully
INFO: FILEIO: [D:\my_game\output\world-map-qa\character-qa\equipment.png] Image exported successfully
INFO: FBO: [ID 1] Unloaded framebuffer from VRAM (GPU)
INFO: TEXTURE: [ID 81] Texture loaded successfully (1280x720 | R8G8B8A8 | 1 mipmaps)
INFO: TEXTURE: [ID 1] Depth renderbuffer loaded successfully (32 bits)
INFO: FBO: [ID 1] Framebuffer object created successfully
INFO: TEXTURE: [ID 81] Pixel data retrieved successfully
INFO: FILEIO: [D:\my_game\output\world-map-qa\character-qa\settings.png] File saved successfully
INFO: FILEIO: [D:\my_game\output\world-map-qa\character-qa\settings.png] Image exported successfully
INFO: FBO: [ID 1] Unloaded framebuffer from VRAM (GPU)
INFO: AUTOMATION PLAY: Frame: 0 | Event type: 7 | Event parameters: 104, 418, 0
INFO: AUTOMATION PLAY: Frame: 0 | Event type: 6 | Event parameters: 0, 0, 0
INFO: AUTOMATION PLAY: Frame: 0 | Event type: 5 | Event parameters: 0, 0, 0
INFO: AUTOMATION PLAY: Frame: 0 | Event type: 7 | Event parameters: 160, 269, 0
INFO: AUTOMATION PLAY: Frame: 0 | Event type: 6 | Event parameters: 0, 0, 0
INFO: AUTOMATION PLAY: Frame: 0 | Event type: 5 | Event parameters: 0, 0, 0
INFO: AUTOMATION PLAY: Frame: 0 | Event type: 7 | Event parameters: 922, 578, 0
INFO: AUTOMATION PLAY: Frame: 0 | Event type: 6 | Event parameters: 0, 0, 0
INFO: AUTOMATION PLAY: Frame: 0 | Event type: 5 | Event parameters: 0, 0, 0
INFO: TEXTURE: [ID 81] Texture loaded successfully (1280x720 | R8G8B8A8 | 1 mipmaps)
INFO: TEXTURE: [ID 1] Depth renderbuffer loaded successfully (32 bits)
INFO: FBO: [ID 1] Framebuffer object created successfully
INFO: TEXTURE: [ID 81] Pixel data retrieved successfully
INFO: FILEIO: [D:\my_game\output\world-map-qa\character-qa\character-select-assigned.png] File saved successfully
INFO: FILEIO: [D:\my_game\output\world-map-qa\character-qa\character-select-assigned.png] Image exported successfully
INFO: FBO: [ID 1] Unloaded framebuffer from VRAM (GPU)
INFO: AUTOMATION PLAY: Frame: 0 | Event type: 7 | Event parameters: 1110, 578, 0
INFO: AUTOMATION PLAY: Frame: 0 | Event type: 6 | Event parameters: 0, 0, 0
INFO: AUTOMATION PLAY: Frame: 0 | Event type: 5 | Event parameters: 0, 0, 0
INFO: AUTOMATION PLAY: Frame: 0 | Event type: 7 | Event parameters: 800, 550, 0
INFO: AUTOMATION PLAY: Frame: 0 | Event type: 6 | Event parameters: 0, 0, 0
INFO: AUTOMATION PLAY: Frame: 0 | Event type: 5 | Event parameters: 0, 0, 0
INFO: AUTOMATION PLAY: Frame: 0 | Event type: 7 | Event parameters: 600, 110, 0
INFO: AUTOMATION PLAY: Frame: 0 | Event type: 6 | Event parameters: 0, 0, 0
INFO: AUTOMATION PLAY: Frame: 0 | Event type: 5 | Event parameters: 0, 0, 0
INFO: AUTOMATION PLAY: Frame: 0 | Event type: 7 | Event parameters: 860, 200, 0
INFO: AUTOMATION PLAY: Frame: 0 | Event type: 6 | Event parameters: 0, 0, 0
INFO: AUTOMATION PLAY: Frame: 0 | Event type: 5 | Event parameters: 0, 0, 0
INFO: TEXTURE: [ID 81] Texture loaded successfully (1280x720 | R8G8B8A8 | 1 mipmaps)
INFO: TEXTURE: [ID 1] Depth renderbuffer loaded successfully (32 bits)
INFO: FBO: [ID 1] Framebuffer object created successfully
INFO: TEXTURE: [ID 81] Pixel data retrieved successfully
INFO: FILEIO: [D:\my_game\output\world-map-qa\character-qa\settings-pointer.png] File saved successfully
INFO: FILEIO: [D:\my_game\output\world-map-qa\character-qa\settings-pointer.png] Image exported successfully
INFO: FBO: [ID 1] Unloaded framebuffer from VRAM (GPU)
INFO: AUTOMATION PLAY: Frame: 0 | Event type: 7 | Event parameters: 70, 44, 0
INFO: AUTOMATION PLAY: Frame: 0 | Event type: 6 | Event parameters: 0, 0, 0
INFO: AUTOMATION PLAY: Frame: 0 | Event type: 5 | Event parameters: 0, 0, 0
INFO: AUTOMATION PLAY: Frame: 0 | Event type: 7 | Event parameters: 840, 211, 0
INFO: AUTOMATION PLAY: Frame: 0 | Event type: 6 | Event parameters: 0, 0, 0
INFO: AUTOMATION PLAY: Frame: 0 | Event type: 5 | Event parameters: 0, 0, 0
INFO: AUTOMATION PLAY: Frame: 0 | Event type: 7 | Event parameters: 180, 370, 0
INFO: AUTOMATION PLAY: Frame: 0 | Event type: 6 | Event parameters: 0, 0, 0
INFO: TEXTURE: [ID 81] Texture loaded successfully (1280x720 | R8G8B8A8 | 1 mipmaps)
INFO: TEXTURE: [ID 1] Depth renderbuffer loaded successfully (32 bits)
INFO: FBO: [ID 1] Framebuffer object created successfully
INFO: TEXTURE: [ID 81] Pixel data retrieved successfully
INFO: FILEIO: [D:\my_game\output\world-map-qa\character-qa\map-node-held.png] File saved successfully
INFO: FILEIO: [D:\my_game\output\world-map-qa\character-qa\map-node-held.png] Image exported successfully
INFO: FBO: [ID 1] Unloaded framebuffer from VRAM (GPU)
INFO: AUTOMATION PLAY: Frame: 0 | Event type: 5 | Event parameters: 0, 0, 0
INFO: TEXTURE: [ID 81] Texture loaded successfully (1280x720 | R8G8B8A8 | 1 mipmaps)
INFO: TEXTURE: [ID 1] Depth renderbuffer loaded successfully (32 bits)
INFO: FBO: [ID 1] Framebuffer object created successfully
INFO: TEXTURE: [ID 81] Pixel data retrieved successfully
INFO: FILEIO: [D:\my_game\output\world-map-qa\character-qa\map-node-detail-panel.png] File saved successfully
INFO: FILEIO: [D:\my_game\output\world-map-qa\character-qa\map-node-detail-panel.png] Image exported successfully
INFO: FBO: [ID 1] Unloaded framebuffer from VRAM (GPU)
INFO: AUTOMATION PLAY: Frame: 0 | Event type: 7 | Event parameters: 1060, 583, 0
INFO: AUTOMATION PLAY: Frame: 0 | Event type: 6 | Event parameters: 0, 0, 0
INFO: AUTOMATION PLAY: Frame: 0 | Event type: 5 | Event parameters: 0, 0, 0
INFO: TEXTURE: [ID 81] Texture loaded successfully (1280x720 | R8G8B8A8 | 1 mipmaps)
INFO: TEXTURE: [ID 1] Depth renderbuffer loaded successfully (32 bits)
INFO: FBO: [ID 1] Framebuffer object created successfully
INFO: TEXTURE: [ID 81] Pixel data retrieved successfully
INFO: FILEIO: [D:\my_game\output\world-map-qa\character-qa\map-start-ready.png] File saved successfully
INFO: FILEIO: [D:\my_game\output\world-map-qa\character-qa\map-start-ready.png] Image exported successfully
INFO: FBO: [ID 1] Unloaded framebuffer from VRAM (GPU)
INFO: AUTOMATION PLAY: Frame: 0 | Event type: 2 | Event parameters: 298, 0, 0
INFO: AUTOMATION PLAY: Frame: 0 | Event type: 1 | Event parameters: 298, 0, 0
INFO: TEXTURE: [ID 81] Texture loaded successfully (1280x720 | R8G8B8A8 | 1 mipmaps)
INFO: TEXTURE: [ID 1] Depth renderbuffer loaded successfully (32 bits)
INFO: FBO: [ID 1] Framebuffer object created successfully
INFO: TEXTURE: [ID 81] Pixel data retrieved successfully
INFO: FILEIO: [D:\my_game\output\world-map-qa\character-qa\node-detail-debug-only.png] File saved successfully
INFO: FILEIO: [D:\my_game\output\world-map-qa\character-qa\node-detail-debug-only.png] Image exported successfully
INFO: FBO: [ID 1] Unloaded framebuffer from VRAM (GPU)
INFO: AUTOMATION PLAY: Frame: 0 | Event type: 7 | Event parameters: 960, 570, 0
INFO: AUTOMATION PLAY: Frame: 0 | Event type: 6 | Event parameters: 0, 0, 0
INFO: AUTOMATION PLAY: Frame: 0 | Event type: 5 | Event parameters: 0, 0, 0
INFO: TEXTURE: [ID 81] Texture loaded successfully (1280x720 | R8G8B8A8 | 1 mipmaps)
INFO: TEXTURE: [ID 1] Depth renderbuffer loaded successfully (32 bits)
INFO: FBO: [ID 1] Framebuffer object created successfully
INFO: TEXTURE: [ID 81] Pixel data retrieved successfully
INFO: FILEIO: [D:\my_game\output\world-map-qa\character-qa\map-node.png] File saved successfully
INFO: FILEIO: [D:\my_game\output\world-map-qa\character-qa\map-node.png] Image exported successfully
INFO: FBO: [ID 1] Unloaded framebuffer from VRAM (GPU)
INFO: AUTOMATION PLAY: Frame: 0 | Event type: 7 | Event parameters: 480, 370, 0
INFO: AUTOMATION PLAY: Frame: 0 | Event type: 6 | Event parameters: 0, 0, 0
INFO: AUTOMATION PLAY: Frame: 0 | Event type: 5 | Event parameters: 0, 0, 0
INFO: AUTOMATION PLAY: Frame: 0 | Event type: 7 | Event parameters: 1060, 583, 0
INFO: AUTOMATION PLAY: Frame: 0 | Event type: 6 | Event parameters: 0, 0, 0
INFO: AUTOMATION PLAY: Frame: 0 | Event type: 5 | Event parameters: 0, 0, 0
INFO: AUTOMATION PLAY: Frame: 0 | Event type: 7 | Event parameters: 180, 370, 0
INFO: AUTOMATION PLAY: Frame: 0 | Event type: 6 | Event parameters: 0, 0, 0
INFO: AUTOMATION PLAY: Frame: 0 | Event type: 5 | Event parameters: 0, 0, 0
INFO: AUTOMATION PLAY: Frame: 0 | Event type: 7 | Event parameters: 1060, 583, 0
INFO: AUTOMATION PLAY: Frame: 0 | Event type: 6 | Event parameters: 0, 0, 0
INFO: AUTOMATION PLAY: Frame: 0 | Event type: 5 | Event parameters: 0, 0, 0
INFO: TEXTURE: [ID 81] Texture loaded successfully (1280x720 | R8G8B8A8 | 1 mipmaps)
INFO: TEXTURE: [ID 1] Depth renderbuffer loaded successfully (32 bits)
INFO: FBO: [ID 1] Framebuffer object created successfully
INFO: TEXTURE: [ID 81] Pixel data retrieved successfully
INFO: FILEIO: [D:\my_game\output\world-map-qa\character-qa\archive-unlocked.png] File saved successfully
INFO: FILEIO: [D:\my_game\output\world-map-qa\character-qa\archive-unlocked.png] Image exported successfully
INFO: FBO: [ID 1] Unloaded framebuffer from VRAM (GPU)
INFO: AUTOMATION PLAY: Frame: 0 | Event type: 7 | Event parameters: 705, 200, 0
INFO: AUTOMATION PLAY: Frame: 0 | Event type: 6 | Event parameters: 0, 0, 0
INFO: AUTOMATION PLAY: Frame: 0 | Event type: 5 | Event parameters: 0, 0, 0
INFO: AUTOMATION PLAY: Frame: 0 | Event type: 7 | Event parameters: 770, 575, 0
INFO: AUTOMATION PLAY: Frame: 0 | Event type: 6 | Event parameters: 0, 0, 0
INFO: AUTOMATION PLAY: Frame: 0 | Event type: 5 | Event parameters: 0, 0, 0
INFO: AUTOMATION PLAY: Frame: 0 | Event type: 7 | Event parameters: 220, 405, 0
INFO: AUTOMATION PLAY: Frame: 0 | Event type: 6 | Event parameters: 0, 0, 0
INFO: AUTOMATION PLAY: Frame: 0 | Event type: 5 | Event parameters: 0, 0, 0
INFO: AUTOMATION PLAY: Frame: 0 | Event type: 7 | Event parameters: 1065, 575, 0
INFO: AUTOMATION PLAY: Frame: 0 | Event type: 6 | Event parameters: 0, 0, 0
INFO: AUTOMATION PLAY: Frame: 0 | Event type: 5 | Event parameters: 0, 0, 0
INFO: TEXTURE: [ID 81] Texture loaded successfully (1280x720 | R8G8B8A8 | 1 mipmaps)
INFO: TEXTURE: [ID 1] Depth renderbuffer loaded successfully (32 bits)
INFO: FBO: [ID 1] Framebuffer object created successfully
INFO: TEXTURE: [ID 81] Pixel data retrieved successfully
INFO: FILEIO: [D:\my_game\output\world-map-qa\character-qa\equipment-owned.png] File saved successfully
INFO: FILEIO: [D:\my_game\output\world-map-qa\character-qa\equipment-owned.png] Image exported successfully
INFO: FBO: [ID 1] Unloaded framebuffer from VRAM (GPU)
INFO: AUTOMATION PLAY: Frame: 0 | Event type: 7 | Event parameters: 310, 618, 0
INFO: AUTOMATION PLAY: Frame: 0 | Event type: 6 | Event parameters: 0, 0, 0
INFO: AUTOMATION PLAY: Frame: 0 | Event type: 5 | Event parameters: 0, 0, 0
INFO: AUTOMATION PLAY: Frame: 0 | Event type: 7 | Event parameters: 1060, 583, 0
INFO: AUTOMATION PLAY: Frame: 0 | Event type: 6 | Event parameters: 0, 0, 0
INFO: AUTOMATION PLAY: Frame: 0 | Event type: 5 | Event parameters: 0, 0, 0
INFO: AUTOMATION PLAY: Frame: 0 | Event type: 2 | Event parameters: 298, 0, 0
INFO: AUTOMATION PLAY: Frame: 0 | Event type: 1 | Event parameters: 298, 0, 0
INFO: AUTOMATION PLAY: Frame: 0 | Event type: 7 | Event parameters: 960, 570, 0
INFO: AUTOMATION PLAY: Frame: 0 | Event type: 6 | Event parameters: 0, 0, 0
INFO: AUTOMATION PLAY: Frame: 0 | Event type: 5 | Event parameters: 0, 0, 0
INFO: TEXTURE: [ID 81] Texture loaded successfully (1280x720 | R8G8B8A8 | 1 mipmaps)
INFO: TEXTURE: [ID 1] Depth renderbuffer loaded successfully (32 bits)
INFO: FBO: [ID 1] Framebuffer object created successfully
INFO: TEXTURE: [ID 81] Pixel data retrieved successfully
INFO: FILEIO: [D:\my_game\output\world-map-qa\character-qa\hidden-boss.png] File saved successfully
INFO: FILEIO: [D:\my_game\output\world-map-qa\character-qa\hidden-boss.png] Image exported successfully
INFO: FBO: [ID 1] Unloaded framebuffer from VRAM (GPU)
INFO: AUTOMATION PLAY: Frame: 0 | Event type: 7 | Event parameters: 70, 44, 0
INFO: AUTOMATION PLAY: Frame: 0 | Event type: 6 | Event parameters: 0, 0, 0
INFO: AUTOMATION PLAY: Frame: 0 | Event type: 5 | Event parameters: 0, 0, 0
INFO: AUTOMATION PLAY: Frame: 0 | Event type: 7 | Event parameters: 310, 618, 0
INFO: AUTOMATION PLAY: Frame: 0 | Event type: 6 | Event parameters: 0, 0, 0
INFO: AUTOMATION PLAY: Frame: 0 | Event type: 5 | Event parameters: 0, 0, 0
INFO: AUTOMATION PLAY: Frame: 0 | Event type: 7 | Event parameters: 1060, 583, 0
INFO: AUTOMATION PLAY: Frame: 0 | Event type: 6 | Event parameters: 0, 0, 0
INFO: AUTOMATION PLAY: Frame: 0 | Event type: 5 | Event parameters: 0, 0, 0
INFO: AUTOMATION PLAY: Frame: 0 | Event type: 2 | Event parameters: 298, 0, 0
INFO: AUTOMATION PLAY: Frame: 0 | Event type: 1 | Event parameters: 298, 0, 0
INFO: AUTOMATION PLAY: Frame: 0 | Event type: 7 | Event parameters: 960, 570, 0
INFO: AUTOMATION PLAY: Frame: 0 | Event type: 6 | Event parameters: 0, 0, 0
INFO: AUTOMATION PLAY: Frame: 0 | Event type: 5 | Event parameters: 0, 0, 0
INFO: AUTOMATION PLAY: Frame: 0 | Event type: 7 | Event parameters: 960, 570, 0
INFO: AUTOMATION PLAY: Frame: 0 | Event type: 6 | Event parameters: 0, 0, 0
INFO: AUTOMATION PLAY: Frame: 0 | Event type: 5 | Event parameters: 0, 0, 0
INFO: AUTOMATION PLAY: Frame: 0 | Event type: 7 | Event parameters: 960, 570, 0
INFO: AUTOMATION PLAY: Frame: 0 | Event type: 6 | Event parameters: 0, 0, 0
INFO: AUTOMATION PLAY: Frame: 0 | Event type: 5 | Event parameters: 0, 0, 0
INFO: TEXTURE: [ID 81] Texture loaded successfully (1280x720 | R8G8B8A8 | 1 mipmaps)
INFO: TEXTURE: [ID 1] Depth renderbuffer loaded successfully (32 bits)
INFO: FBO: [ID 1] Framebuffer object created successfully
INFO: TEXTURE: [ID 81] Pixel data retrieved successfully
INFO: FILEIO: [D:\my_game\output\world-map-qa\character-qa\ending-hidden.png] File saved successfully
INFO: FILEIO: [D:\my_game\output\world-map-qa\character-qa\ending-hidden.png] Image exported successfully
INFO: FBO: [ID 1] Unloaded framebuffer from VRAM (GPU)
INFO: AUTOMATION PLAY: Frame: 0 | Event type: 7 | Event parameters: 310, 618, 0
INFO: AUTOMATION PLAY: Frame: 0 | Event type: 6 | Event parameters: 0, 0, 0
INFO: AUTOMATION PLAY: Frame: 0 | Event type: 5 | Event parameters: 0, 0, 0
INFO: AUTOMATION PLAY: Frame: 0 | Event type: 7 | Event parameters: 1060, 583, 0
INFO: AUTOMATION PLAY: Frame: 0 | Event type: 6 | Event parameters: 0, 0, 0
INFO: AUTOMATION PLAY: Frame: 0 | Event type: 5 | Event parameters: 0, 0, 0
INFO: AUTOMATION PLAY: Frame: 0 | Event type: 2 | Event parameters: 298, 0, 0
INFO: AUTOMATION PLAY: Frame: 0 | Event type: 1 | Event parameters: 298, 0, 0
INFO: AUTOMATION PLAY: Frame: 0 | Event type: 7 | Event parameters: 960, 570, 0
INFO: AUTOMATION PLAY: Frame: 0 | Event type: 6 | Event parameters: 0, 0, 0
INFO: AUTOMATION PLAY: Frame: 0 | Event type: 5 | Event parameters: 0, 0, 0
INFO: TEXTURE: [ID 81] Texture loaded successfully (1280x720 | R8G8B8A8 | 1 mipmaps)
INFO: TEXTURE: [ID 1] Depth renderbuffer loaded successfully (32 bits)
INFO: FBO: [ID 1] Framebuffer object created successfully
INFO: TEXTURE: [ID 81] Pixel data retrieved successfully
INFO: FILEIO: [D:\my_game\output\world-map-qa\character-qa\ending-normal.png] File saved successfully
INFO: FILEIO: [D:\my_game\output\world-map-qa\character-qa\ending-normal.png] Image exported successfully
INFO: FBO: [ID 1] Unloaded framebuffer from VRAM (GPU)
INFO: AUTOMATION PLAY: Frame: 0 | Event type: 7 | Event parameters: 250, 128, 0
INFO: AUTOMATION PLAY: Frame: 0 | Event type: 6 | Event parameters: 0, 0, 0
INFO: AUTOMATION PLAY: Frame: 0 | Event type: 5 | Event parameters: 0, 0, 0
INFO: AUTOMATION PLAY: Frame: 0 | Event type: 7 | Event parameters: 440, 370, 0
INFO: AUTOMATION PLAY: Frame: 0 | Event type: 6 | Event parameters: 0, 0, 0
INFO: AUTOMATION PLAY: Frame: 0 | Event type: 5 | Event parameters: 0, 0, 0
INFO: TEXTURE: [ID 81] Texture loaded successfully (1280x720 | R8G8B8A8 | 1 mipmaps)
INFO: TEXTURE: [ID 1] Depth renderbuffer loaded successfully (32 bits)
INFO: FBO: [ID 1] Framebuffer object created successfully
INFO: TEXTURE: [ID 81] Pixel data retrieved successfully
INFO: FILEIO: [D:\my_game\output\world-map-qa\character-qa\map-mainline-and-branches.png] File saved successfully
INFO: FILEIO: [D:\my_game\output\world-map-qa\character-qa\map-mainline-and-branches.png] Image exported successfully
INFO: FBO: [ID 1] Unloaded framebuffer from VRAM (GPU)
INFO: AUTOMATION PLAY: Frame: 0 | Event type: 7 | Event parameters: 570, 215, 0
INFO: AUTOMATION PLAY: Frame: 0 | Event type: 6 | Event parameters: 0, 0, 0
INFO: AUTOMATION PLAY: Frame: 0 | Event type: 5 | Event parameters: 0, 0, 0
INFO: TEXTURE: [ID 81] Texture loaded successfully (1280x720 | R8G8B8A8 | 1 mipmaps)
INFO: TEXTURE: [ID 1] Depth renderbuffer loaded successfully (32 bits)
INFO: FBO: [ID 1] Framebuffer object created successfully
INFO: TEXTURE: [ID 81] Pixel data retrieved successfully
INFO: FILEIO: [D:\my_game\output\world-map-qa\character-qa\map-hidden-branch.png] File saved successfully
INFO: FILEIO: [D:\my_game\output\world-map-qa\character-qa\map-hidden-branch.png] Image exported successfully
INFO: FBO: [ID 1] Unloaded framebuffer from VRAM (GPU)
INFO: AUTOMATION PLAY: Frame: 0 | Event type: 7 | Event parameters: 440, 370, 0
INFO: AUTOMATION PLAY: Frame: 0 | Event type: 6 | Event parameters: 0, 0, 0
INFO: AUTOMATION PLAY: Frame: 0 | Event type: 7 | Event parameters: 300, 370, 0
INFO: TEXTURE: [ID 81] Texture loaded successfully (1280x720 | R8G8B8A8 | 1 mipmaps)
INFO: TEXTURE: [ID 1] Depth renderbuffer loaded successfully (32 bits)
INFO: FBO: [ID 1] Framebuffer object created successfully
INFO: TEXTURE: [ID 81] Pixel data retrieved successfully
INFO: FILEIO: [D:\my_game\output\world-map-qa\character-qa\map-dragging.png] File saved successfully
INFO: FILEIO: [D:\my_game\output\world-map-qa\character-qa\map-dragging.png] Image exported successfully
INFO: FBO: [ID 1] Unloaded framebuffer from VRAM (GPU)
INFO: AUTOMATION PLAY: Frame: 0 | Event type: 5 | Event parameters: 0, 0, 0
INFO: AUTOMATION PLAY: Frame: 0 | Event type: 7 | Event parameters: 1060, 583, 0
INFO: AUTOMATION PLAY: Frame: 0 | Event type: 6 | Event parameters: 0, 0, 0
INFO: AUTOMATION PLAY: Frame: 0 | Event type: 5 | Event parameters: 0, 0, 0
INFO: TEXTURE: [ID 81] Texture loaded successfully (1280x720 | R8G8B8A8 | 1 mipmaps)
INFO: TEXTURE: [ID 1] Depth renderbuffer loaded successfully (32 bits)
INFO: FBO: [ID 1] Framebuffer object created successfully
INFO: TEXTURE: [ID 81] Pixel data retrieved successfully
INFO: FILEIO: [D:\my_game\output\world-map-qa\character-qa\map-drag-released.png] File saved successfully
INFO: FILEIO: [D:\my_game\output\world-map-qa\character-qa\map-drag-released.png] Image exported successfully
INFO: FBO: [ID 1] Unloaded framebuffer from VRAM (GPU)
INFO: TEXTURE: [ID 81] Texture loaded successfully (1280x720 | R8G8B8A8 | 1 mipmaps)
INFO: TEXTURE: [ID 1] Depth renderbuffer loaded successfully (32 bits)
INFO: FBO: [ID 1] Framebuffer object created successfully
INFO: TEXTURE: [ID 81] Pixel data retrieved successfully
INFO: FILEIO: [D:\my_game\output\world-map-qa\character-qa\exusiai-hud.png] File saved successfully
INFO: FILEIO: [D:\my_game\output\world-map-qa\character-qa\exusiai-hud.png] Image exported successfully
INFO: FBO: [ID 1] Unloaded framebuffer from VRAM (GPU)
INFO: TEXTURE: [ID 81] Texture loaded successfully (1280x720 | R8G8B8A8 | 1 mipmaps)
INFO: TEXTURE: [ID 1] Depth renderbuffer loaded successfully (32 bits)
INFO: FBO: [ID 1] Framebuffer object created successfully
INFO: TEXTURE: [ID 81] Pixel data retrieved successfully
INFO: FILEIO: [D:\my_game\output\world-map-qa\character-qa\battle.png] File saved successfully
INFO: FILEIO: [D:\my_game\output\world-map-qa\character-qa\battle.png] Image exported successfully
INFO: FBO: [ID 1] Unloaded framebuffer from VRAM (GPU)
INFO: TEXTURE: [ID 81] Texture loaded successfully (1280x720 | R8G8B8A8 | 1 mipmaps)
INFO: TEXTURE: [ID 1] Depth renderbuffer loaded successfully (32 bits)
INFO: FBO: [ID 1] Framebuffer object created successfully
INFO: TEXTURE: [ID 81] Pixel data retrieved successfully
INFO: FILEIO: [D:\my_game\output\world-map-qa\character-qa\corroded-hud.png] File saved successfully
INFO: FILEIO: [D:\my_game\output\world-map-qa\character-qa\corroded-hud.png] Image exported successfully
INFO: FBO: [ID 1] Unloaded framebuffer from VRAM (GPU)
INFO: IMAGE: Data loaded successfully (1536x2288 | R8G8B8A8 | 1 mipmaps)
INFO: TEXTURE: [ID 82] Unloaded texture data from VRAM (GPU)
INFO: TEXTURE: [ID 83] Unloaded texture data from VRAM (GPU)
INFO: TEXTURE: [ID 84] Unloaded texture data from VRAM (GPU)
INFO: IMAGE: Data loaded successfully (1344x1344 | R8G8B8A8 | 1 mipmaps)
INFO: TEXTURE: [ID 81] Texture loaded successfully (1344x1344 | R8G8B8A8 | 1 mipmaps)
INFO: IMAGE: Data loaded successfully (1536x2288 | R8G8B8A8 | 1 mipmaps)
INFO: TEXTURE: [ID 82] Texture loaded successfully (1536x2288 | R8G8B8A8 | 1 mipmaps)
INFO: IMAGE: Data loaded successfully (128x128 | R8G8B8A8 | 1 mipmaps)
INFO: TEXTURE: [ID 83] Texture loaded successfully (128x128 | R8G8B8A8 | 1 mipmaps)
INFO: TEXTURE: [ID 84] Texture loaded successfully (1280x720 | R8G8B8A8 | 1 mipmaps)
INFO: TEXTURE: [ID 1] Depth renderbuffer loaded successfully (32 bits)
INFO: FBO: [ID 1] Framebuffer object created successfully
INFO: TEXTURE: [ID 84] Pixel data retrieved successfully
INFO: FILEIO: [D:\my_game\output\world-map-qa\character-qa\idle-loop-regression.png] File saved successfully
INFO: FILEIO: [D:\my_game\output\world-map-qa\character-qa\idle-loop-regression.png] Image exported successfully
INFO: FBO: [ID 1] Unloaded framebuffer from VRAM (GPU)
INFO: TEXTURE: [ID 84] Texture loaded successfully (192x192 | R8G8B8A8 | 1 mipmaps)
INFO: TEXTURE: [ID 1] Depth renderbuffer loaded successfully (32 bits)
INFO: FBO: [ID 1] Framebuffer object created successfully
INFO: TEXTURE: [ID 84] Pixel data retrieved successfully
INFO: FBO: [ID 1] Unloaded framebuffer from VRAM (GPU)
INFO: TEXTURE: [ID 84] Texture loaded successfully (192x192 | R8G8B8A8 | 1 mipmaps)
INFO: TEXTURE: [ID 1] Depth renderbuffer loaded successfully (32 bits)
INFO: FBO: [ID 1] Framebuffer object created successfully
INFO: TEXTURE: [ID 84] Pixel data retrieved successfully
INFO: FBO: [ID 1] Unloaded framebuffer from VRAM (GPU)
INFO: TEXTURE: [ID 84] Texture loaded successfully (192x192 | R8G8B8A8 | 1 mipmaps)
INFO: TEXTURE: [ID 1] Depth renderbuffer loaded successfully (32 bits)
INFO: FBO: [ID 1] Framebuffer object created successfully
INFO: TEXTURE: [ID 84] Pixel data retrieved successfully
INFO: FBO: [ID 1] Unloaded framebuffer from VRAM (GPU)
INFO: TEXTURE: [ID 84] Texture loaded successfully (192x192 | R8G8B8A8 | 1 mipmaps)
INFO: TEXTURE: [ID 1] Depth renderbuffer loaded successfully (32 bits)
INFO: FBO: [ID 1] Framebuffer object created successfully
INFO: TEXTURE: [ID 84] Pixel data retrieved successfully
INFO: FBO: [ID 1] Unloaded framebuffer from VRAM (GPU)
INFO: TEXTURE: [ID 84] Texture loaded successfully (192x192 | R8G8B8A8 | 1 mipmaps)
INFO: TEXTURE: [ID 1] Depth renderbuffer loaded successfully (32 bits)
INFO: FBO: [ID 1] Framebuffer object created successfully
INFO: TEXTURE: [ID 84] Pixel data retrieved successfully
INFO: FBO: [ID 1] Unloaded framebuffer from VRAM (GPU)
INFO: TEXTURE: [ID 84] Texture loaded successfully (192x192 | R8G8B8A8 | 1 mipmaps)
INFO: TEXTURE: [ID 1] Depth renderbuffer loaded successfully (32 bits)
INFO: FBO: [ID 1] Framebuffer object created successfully
INFO: TEXTURE: [ID 84] Pixel data retrieved successfully
INFO: FBO: [ID 1] Unloaded framebuffer from VRAM (GPU)
INFO: TEXTURE: [ID 84] Texture loaded successfully (192x192 | R8G8B8A8 | 1 mipmaps)
INFO: TEXTURE: [ID 1] Depth renderbuffer loaded successfully (32 bits)
INFO: FBO: [ID 1] Framebuffer object created successfully
INFO: TEXTURE: [ID 84] Pixel data retrieved successfully
INFO: FBO: [ID 1] Unloaded framebuffer from VRAM (GPU)
INFO: TEXTURE: [ID 84] Texture loaded successfully (192x192 | R8G8B8A8 | 1 mipmaps)
INFO: TEXTURE: [ID 1] Depth renderbuffer loaded successfully (32 bits)
INFO: FBO: [ID 1] Framebuffer object created successfully
INFO: TEXTURE: [ID 84] Pixel data retrieved successfully
INFO: FBO: [ID 1] Unloaded framebuffer from VRAM (GPU)
INFO: TEXTURE: [ID 84] Texture loaded successfully (192x192 | R8G8B8A8 | 1 mipmaps)
INFO: TEXTURE: [ID 1] Depth renderbuffer loaded successfully (32 bits)
INFO: FBO: [ID 1] Framebuffer object created successfully
INFO: TEXTURE: [ID 84] Pixel data retrieved successfully
INFO: FBO: [ID 1] Unloaded framebuffer from VRAM (GPU)
INFO: TEXTURE: [ID 84] Texture loaded successfully (192x192 | R8G8B8A8 | 1 mipmaps)
INFO: TEXTURE: [ID 1] Depth renderbuffer loaded successfully (32 bits)
INFO: FBO: [ID 1] Framebuffer object created successfully
INFO: TEXTURE: [ID 84] Pixel data retrieved successfully
INFO: FBO: [ID 1] Unloaded framebuffer from VRAM (GPU)
INFO: TEXTURE: [ID 84] Texture loaded successfully (192x192 | R8G8B8A8 | 1 mipmaps)
INFO: TEXTURE: [ID 1] Depth renderbuffer loaded successfully (32 bits)
INFO: FBO: [ID 1] Framebuffer object created successfully
INFO: TEXTURE: [ID 84] Pixel data retrieved successfully
INFO: FBO: [ID 1] Unloaded framebuffer from VRAM (GPU)
INFO: TEXTURE: [ID 84] Texture loaded successfully (192x192 | R8G8B8A8 | 1 mipmaps)
INFO: TEXTURE: [ID 1] Depth renderbuffer loaded successfully (32 bits)
INFO: FBO: [ID 1] Framebuffer object created successfully
INFO: TEXTURE: [ID 84] Pixel data retrieved successfully
INFO: FBO: [ID 1] Unloaded framebuffer from VRAM (GPU)
INFO: TEXTURE: [ID 84] Texture loaded successfully (192x192 | R8G8B8A8 | 1 mipmaps)
INFO: TEXTURE: [ID 1] Depth renderbuffer loaded successfully (32 bits)
INFO: FBO: [ID 1] Framebuffer object created successfully
INFO: TEXTURE: [ID 84] Pixel data retrieved successfully
INFO: FBO: [ID 1] Unloaded framebuffer from VRAM (GPU)
INFO: TEXTURE: [ID 84] Texture loaded successfully (192x192 | R8G8B8A8 | 1 mipmaps)
INFO: TEXTURE: [ID 1] Depth renderbuffer loaded successfully (32 bits)
INFO: FBO: [ID 1] Framebuffer object created successfully
INFO: TEXTURE: [ID 84] Pixel data retrieved successfully
INFO: FBO: [ID 1] Unloaded framebuffer from VRAM (GPU)
INFO: TEXTURE: [ID 84] Texture loaded successfully (192x192 | R8G8B8A8 | 1 mipmaps)
INFO: TEXTURE: [ID 1] Depth renderbuffer loaded successfully (32 bits)
INFO: FBO: [ID 1] Framebuffer object created successfully
INFO: TEXTURE: [ID 84] Pixel data retrieved successfully
INFO: FBO: [ID 1] Unloaded framebuffer from VRAM (GPU)
INFO: TEXTURE: [ID 84] Texture loaded successfully (192x192 | R8G8B8A8 | 1 mipmaps)
INFO: TEXTURE: [ID 1] Depth renderbuffer loaded successfully (32 bits)
INFO: FBO: [ID 1] Framebuffer object created successfully
INFO: TEXTURE: [ID 84] Pixel data retrieved successfully
INFO: FBO: [ID 1] Unloaded framebuffer from VRAM (GPU)
INFO: TEXTURE: [ID 84] Texture loaded successfully (192x192 | R8G8B8A8 | 1 mipmaps)
INFO: TEXTURE: [ID 1] Depth renderbuffer loaded successfully (32 bits)
INFO: FBO: [ID 1] Framebuffer object created successfully
INFO: TEXTURE: [ID 84] Pixel data retrieved successfully
INFO: FBO: [ID 1] Unloaded framebuffer from VRAM (GPU)
INFO: TEXTURE: [ID 84] Texture loaded successfully (192x192 | R8G8B8A8 | 1 mipmaps)
INFO: TEXTURE: [ID 1] Depth renderbuffer loaded successfully (32 bits)
INFO: FBO: [ID 1] Framebuffer object created successfully
INFO: TEXTURE: [ID 84] Pixel data retrieved successfully
INFO: FBO: [ID 1] Unloaded framebuffer from VRAM (GPU)
INFO: TEXTURE: [ID 84] Texture loaded successfully (192x192 | R8G8B8A8 | 1 mipmaps)
INFO: TEXTURE: [ID 1] Depth renderbuffer loaded successfully (32 bits)
INFO: FBO: [ID 1] Framebuffer object created successfully
INFO: TEXTURE: [ID 84] Pixel data retrieved successfully
INFO: FBO: [ID 1] Unloaded framebuffer from VRAM (GPU)
INFO: TEXTURE: [ID 84] Texture loaded successfully (192x192 | R8G8B8A8 | 1 mipmaps)
INFO: TEXTURE: [ID 1] Depth renderbuffer loaded successfully (32 bits)
INFO: FBO: [ID 1] Framebuffer object created successfully
INFO: TEXTURE: [ID 84] Pixel data retrieved successfully
INFO: FBO: [ID 1] Unloaded framebuffer from VRAM (GPU)
INFO: TEXTURE: [ID 84] Texture loaded successfully (192x192 | R8G8B8A8 | 1 mipmaps)
INFO: TEXTURE: [ID 1] Depth renderbuffer loaded successfully (32 bits)
INFO: FBO: [ID 1] Framebuffer object created successfully
INFO: TEXTURE: [ID 84] Pixel data retrieved successfully
INFO: FBO: [ID 1] Unloaded framebuffer from VRAM (GPU)
INFO: TEXTURE: [ID 84] Texture loaded successfully (192x192 | R8G8B8A8 | 1 mipmaps)
INFO: TEXTURE: [ID 1] Depth renderbuffer loaded successfully (32 bits)
INFO: FBO: [ID 1] Framebuffer object created successfully
INFO: TEXTURE: [ID 84] Pixel data retrieved successfully
INFO: FBO: [ID 1] Unloaded framebuffer from VRAM (GPU)
INFO: TEXTURE: [ID 84] Texture loaded successfully (192x192 | R8G8B8A8 | 1 mipmaps)
INFO: TEXTURE: [ID 1] Depth renderbuffer loaded successfully (32 bits)
INFO: FBO: [ID 1] Framebuffer object created successfully
INFO: TEXTURE: [ID 84] Pixel data retrieved successfully
INFO: FBO: [ID 1] Unloaded framebuffer from VRAM (GPU)
INFO: TEXTURE: [ID 84] Texture loaded successfully (192x192 | R8G8B8A8 | 1 mipmaps)
INFO: TEXTURE: [ID 1] Depth renderbuffer loaded successfully (32 bits)
INFO: FBO: [ID 1] Framebuffer object created successfully
INFO: TEXTURE: [ID 84] Pixel data retrieved successfully
INFO: FBO: [ID 1] Unloaded framebuffer from VRAM (GPU)
INFO: TEXTURE: [ID 84] Texture loaded successfully (192x192 | R8G8B8A8 | 1 mipmaps)
INFO: TEXTURE: [ID 1] Depth renderbuffer loaded successfully (32 bits)
INFO: FBO: [ID 1] Framebuffer object created successfully
INFO: TEXTURE: [ID 84] Pixel data retrieved successfully
INFO: FBO: [ID 1] Unloaded framebuffer from VRAM (GPU)
INFO: TEXTURE: [ID 84] Texture loaded successfully (192x192 | R8G8B8A8 | 1 mipmaps)
INFO: TEXTURE: [ID 1] Depth renderbuffer loaded successfully (32 bits)
INFO: FBO: [ID 1] Framebuffer object created successfully
INFO: TEXTURE: [ID 84] Pixel data retrieved successfully
INFO: FBO: [ID 1] Unloaded framebuffer from VRAM (GPU)
INFO: TEXTURE: [ID 84] Texture loaded successfully (192x192 | R8G8B8A8 | 1 mipmaps)
INFO: TEXTURE: [ID 1] Depth renderbuffer loaded successfully (32 bits)
INFO: FBO: [ID 1] Framebuffer object created successfully
INFO: TEXTURE: [ID 84] Pixel data retrieved successfully
INFO: FBO: [ID 1] Unloaded framebuffer from VRAM (GPU)
INFO: TEXTURE: [ID 84] Texture loaded successfully (192x192 | R8G8B8A8 | 1 mipmaps)
INFO: TEXTURE: [ID 1] Depth renderbuffer loaded successfully (32 bits)
INFO: FBO: [ID 1] Framebuffer object created successfully
INFO: TEXTURE: [ID 84] Pixel data retrieved successfully
INFO: FBO: [ID 1] Unloaded framebuffer from VRAM (GPU)
INFO: TEXTURE: [ID 84] Texture loaded successfully (192x192 | R8G8B8A8 | 1 mipmaps)
INFO: TEXTURE: [ID 1] Depth renderbuffer loaded successfully (32 bits)
INFO: FBO: [ID 1] Framebuffer object created successfully
INFO: TEXTURE: [ID 84] Pixel data retrieved successfully
INFO: FBO: [ID 1] Unloaded framebuffer from VRAM (GPU)
INFO: TEXTURE: [ID 84] Texture loaded successfully (192x192 | R8G8B8A8 | 1 mipmaps)
INFO: TEXTURE: [ID 1] Depth renderbuffer loaded successfully (32 bits)
INFO: FBO: [ID 1] Framebuffer object created successfully
INFO: TEXTURE: [ID 84] Pixel data retrieved successfully
INFO: FBO: [ID 1] Unloaded framebuffer from VRAM (GPU)
INFO: TEXTURE: [ID 84] Texture loaded successfully (192x192 | R8G8B8A8 | 1 mipmaps)
INFO: TEXTURE: [ID 1] Depth renderbuffer loaded successfully (32 bits)
INFO: FBO: [ID 1] Framebuffer object created successfully
INFO: TEXTURE: [ID 84] Pixel data retrieved successfully
INFO: FBO: [ID 1] Unloaded framebuffer from VRAM (GPU)
INFO: TEXTURE: [ID 84] Texture loaded successfully (192x192 | R8G8B8A8 | 1 mipmaps)
INFO: TEXTURE: [ID 1] Depth renderbuffer loaded successfully (32 bits)
INFO: FBO: [ID 1] Framebuffer object created successfully
INFO: TEXTURE: [ID 84] Pixel data retrieved successfully
INFO: FBO: [ID 1] Unloaded framebuffer from VRAM (GPU)
INFO: TEXTURE: [ID 84] Texture loaded successfully (192x192 | R8G8B8A8 | 1 mipmaps)
INFO: TEXTURE: [ID 1] Depth renderbuffer loaded successfully (32 bits)
INFO: FBO: [ID 1] Framebuffer object created successfully
INFO: TEXTURE: [ID 84] Pixel data retrieved successfully
INFO: FBO: [ID 1] Unloaded framebuffer from VRAM (GPU)
INFO: TEXTURE: [ID 84] Texture loaded successfully (192x192 | R8G8B8A8 | 1 mipmaps)
INFO: TEXTURE: [ID 1] Depth renderbuffer loaded successfully (32 bits)
INFO: FBO: [ID 1] Framebuffer object created successfully
INFO: TEXTURE: [ID 84] Pixel data retrieved successfully
INFO: FBO: [ID 1] Unloaded framebuffer from VRAM (GPU)
INFO: TEXTURE: [ID 84] Texture loaded successfully (192x192 | R8G8B8A8 | 1 mipmaps)
INFO: TEXTURE: [ID 1] Depth renderbuffer loaded successfully (32 bits)
INFO: FBO: [ID 1] Framebuffer object created successfully
INFO: TEXTURE: [ID 84] Pixel data retrieved successfully
INFO: FBO: [ID 1] Unloaded framebuffer from VRAM (GPU)
INFO: TEXTURE: [ID 84] Texture loaded successfully (192x192 | R8G8B8A8 | 1 mipmaps)
INFO: TEXTURE: [ID 1] Depth renderbuffer loaded successfully (32 bits)
INFO: FBO: [ID 1] Framebuffer object created successfully
INFO: TEXTURE: [ID 84] Pixel data retrieved successfully
INFO: FBO: [ID 1] Unloaded framebuffer from VRAM (GPU)
INFO: TEXTURE: [ID 84] Texture loaded successfully (192x192 | R8G8B8A8 | 1 mipmaps)
INFO: TEXTURE: [ID 1] Depth renderbuffer loaded successfully (32 bits)
INFO: FBO: [ID 1] Framebuffer object created successfully
INFO: TEXTURE: [ID 84] Pixel data retrieved successfully
INFO: FBO: [ID 1] Unloaded framebuffer from VRAM (GPU)
INFO: TEXTURE: [ID 84] Texture loaded successfully (192x192 | R8G8B8A8 | 1 mipmaps)
INFO: TEXTURE: [ID 1] Depth renderbuffer loaded successfully (32 bits)
INFO: FBO: [ID 1] Framebuffer object created successfully
INFO: TEXTURE: [ID 84] Pixel data retrieved successfully
INFO: FBO: [ID 1] Unloaded framebuffer from VRAM (GPU)
INFO: TEXTURE: [ID 84] Texture loaded successfully (192x192 | R8G8B8A8 | 1 mipmaps)
INFO: TEXTURE: [ID 1] Depth renderbuffer loaded successfully (32 bits)
INFO: FBO: [ID 1] Framebuffer object created successfully
INFO: TEXTURE: [ID 84] Pixel data retrieved successfully
INFO: FBO: [ID 1] Unloaded framebuffer from VRAM (GPU)
INFO: TEXTURE: [ID 84] Texture loaded successfully (192x192 | R8G8B8A8 | 1 mipmaps)
INFO: TEXTURE: [ID 1] Depth renderbuffer loaded successfully (32 bits)
INFO: FBO: [ID 1] Framebuffer object created successfully
INFO: TEXTURE: [ID 84] Pixel data retrieved successfully
INFO: FBO: [ID 1] Unloaded framebuffer from VRAM (GPU)
INFO: TEXTURE: [ID 84] Texture loaded successfully (192x192 | R8G8B8A8 | 1 mipmaps)
INFO: TEXTURE: [ID 1] Depth renderbuffer loaded successfully (32 bits)
INFO: FBO: [ID 1] Framebuffer object created successfully
INFO: TEXTURE: [ID 84] Pixel data retrieved successfully
INFO: FBO: [ID 1] Unloaded framebuffer from VRAM (GPU)
INFO: TEXTURE: [ID 84] Texture loaded successfully (192x192 | R8G8B8A8 | 1 mipmaps)
INFO: TEXTURE: [ID 1] Depth renderbuffer loaded successfully (32 bits)
INFO: FBO: [ID 1] Framebuffer object created successfully
INFO: TEXTURE: [ID 84] Pixel data retrieved successfully
INFO: FBO: [ID 1] Unloaded framebuffer from VRAM (GPU)
INFO: TEXTURE: [ID 84] Texture loaded successfully (192x192 | R8G8B8A8 | 1 mipmaps)
INFO: TEXTURE: [ID 1] Depth renderbuffer loaded successfully (32 bits)
INFO: FBO: [ID 1] Framebuffer object created successfully
INFO: TEXTURE: [ID 84] Pixel data retrieved successfully
INFO: FBO: [ID 1] Unloaded framebuffer from VRAM (GPU)
INFO: TEXTURE: [ID 84] Texture loaded successfully (192x192 | R8G8B8A8 | 1 mipmaps)
INFO: TEXTURE: [ID 1] Depth renderbuffer loaded successfully (32 bits)
INFO: FBO: [ID 1] Framebuffer object created successfully
INFO: TEXTURE: [ID 84] Pixel data retrieved successfully
INFO: FBO: [ID 1] Unloaded framebuffer from VRAM (GPU)
INFO: TEXTURE: [ID 84] Texture loaded successfully (192x192 | R8G8B8A8 | 1 mipmaps)
INFO: TEXTURE: [ID 1] Depth renderbuffer loaded successfully (32 bits)
INFO: FBO: [ID 1] Framebuffer object created successfully
INFO: TEXTURE: [ID 84] Pixel data retrieved successfully
INFO: FBO: [ID 1] Unloaded framebuffer from VRAM (GPU)
INFO: TEXTURE: [ID 84] Texture loaded successfully (192x192 | R8G8B8A8 | 1 mipmaps)
INFO: TEXTURE: [ID 1] Depth renderbuffer loaded successfully (32 bits)
INFO: FBO: [ID 1] Framebuffer object created successfully
INFO: TEXTURE: [ID 84] Pixel data retrieved successfully
INFO: FBO: [ID 1] Unloaded framebuffer from VRAM (GPU)
INFO: TEXTURE: [ID 84] Texture loaded successfully (192x192 | R8G8B8A8 | 1 mipmaps)
INFO: TEXTURE: [ID 1] Depth renderbuffer loaded successfully (32 bits)
INFO: FBO: [ID 1] Framebuffer object created successfully
INFO: TEXTURE: [ID 84] Pixel data retrieved successfully
INFO: FBO: [ID 1] Unloaded framebuffer from VRAM (GPU)
INFO: TEXTURE: [ID 84] Texture loaded successfully (192x192 | R8G8B8A8 | 1 mipmaps)
INFO: TEXTURE: [ID 1] Depth renderbuffer loaded successfully (32 bits)
INFO: FBO: [ID 1] Framebuffer object created successfully
INFO: TEXTURE: [ID 84] Pixel data retrieved successfully
INFO: FBO: [ID 1] Unloaded framebuffer from VRAM (GPU)
INFO: TEXTURE: [ID 84] Texture loaded successfully (192x192 | R8G8B8A8 | 1 mipmaps)
INFO: TEXTURE: [ID 1] Depth renderbuffer loaded successfully (32 bits)
INFO: FBO: [ID 1] Framebuffer object created successfully
INFO: TEXTURE: [ID 84] Pixel data retrieved successfully
INFO: FBO: [ID 1] Unloaded framebuffer from VRAM (GPU)
INFO: TEXTURE: [ID 84] Texture loaded successfully (192x192 | R8G8B8A8 | 1 mipmaps)
INFO: TEXTURE: [ID 1] Depth renderbuffer loaded successfully (32 bits)
INFO: FBO: [ID 1] Framebuffer object created successfully
INFO: TEXTURE: [ID 84] Pixel data retrieved successfully
INFO: FBO: [ID 1] Unloaded framebuffer from VRAM (GPU)
INFO: TEXTURE: [ID 84] Texture loaded successfully (192x192 | R8G8B8A8 | 1 mipmaps)
INFO: TEXTURE: [ID 1] Depth renderbuffer loaded successfully (32 bits)
INFO: FBO: [ID 1] Framebuffer object created successfully
INFO: TEXTURE: [ID 84] Pixel data retrieved successfully
INFO: FBO: [ID 1] Unloaded framebuffer from VRAM (GPU)
INFO: TEXTURE: [ID 84] Texture loaded successfully (192x192 | R8G8B8A8 | 1 mipmaps)
INFO: TEXTURE: [ID 1] Depth renderbuffer loaded successfully (32 bits)
INFO: FBO: [ID 1] Framebuffer object created successfully
INFO: TEXTURE: [ID 84] Pixel data retrieved successfully
INFO: FBO: [ID 1] Unloaded framebuffer from VRAM (GPU)
INFO: TEXTURE: [ID 84] Texture loaded successfully (192x192 | R8G8B8A8 | 1 mipmaps)
INFO: TEXTURE: [ID 1] Depth renderbuffer loaded successfully (32 bits)
INFO: FBO: [ID 1] Framebuffer object created successfully
INFO: TEXTURE: [ID 84] Pixel data retrieved successfully
INFO: FBO: [ID 1] Unloaded framebuffer from VRAM (GPU)
INFO: TEXTURE: [ID 84] Texture loaded successfully (192x192 | R8G8B8A8 | 1 mipmaps)
INFO: TEXTURE: [ID 1] Depth renderbuffer loaded successfully (32 bits)
INFO: FBO: [ID 1] Framebuffer object created successfully
INFO: TEXTURE: [ID 84] Pixel data retrieved successfully
INFO: FBO: [ID 1] Unloaded framebuffer from VRAM (GPU)
INFO: TEXTURE: [ID 84] Texture loaded successfully (192x192 | R8G8B8A8 | 1 mipmaps)
INFO: TEXTURE: [ID 1] Depth renderbuffer loaded successfully (32 bits)
INFO: FBO: [ID 1] Framebuffer object created successfully
INFO: TEXTURE: [ID 84] Pixel data retrieved successfully
INFO: FBO: [ID 1] Unloaded framebuffer from VRAM (GPU)
INFO: TEXTURE: [ID 84] Texture loaded successfully (192x192 | R8G8B8A8 | 1 mipmaps)
INFO: TEXTURE: [ID 1] Depth renderbuffer loaded successfully (32 bits)
INFO: FBO: [ID 1] Framebuffer object created successfully
INFO: TEXTURE: [ID 84] Pixel data retrieved successfully
INFO: FBO: [ID 1] Unloaded framebuffer from VRAM (GPU)
INFO: TEXTURE: [ID 84] Texture loaded successfully (192x192 | R8G8B8A8 | 1 mipmaps)
INFO: TEXTURE: [ID 1] Depth renderbuffer loaded successfully (32 bits)
INFO: FBO: [ID 1] Framebuffer object created successfully
INFO: TEXTURE: [ID 84] Pixel data retrieved successfully
INFO: FBO: [ID 1] Unloaded framebuffer from VRAM (GPU)
INFO: TEXTURE: [ID 84] Texture loaded successfully (192x192 | R8G8B8A8 | 1 mipmaps)
INFO: TEXTURE: [ID 1] Depth renderbuffer loaded successfully (32 bits)
INFO: FBO: [ID 1] Framebuffer object created successfully
INFO: TEXTURE: [ID 84] Pixel data retrieved successfully
INFO: FBO: [ID 1] Unloaded framebuffer from VRAM (GPU)
INFO: TEXTURE: [ID 84] Texture loaded successfully (192x192 | R8G8B8A8 | 1 mipmaps)
INFO: TEXTURE: [ID 1] Depth renderbuffer loaded successfully (32 bits)
INFO: FBO: [ID 1] Framebuffer object created successfully
INFO: TEXTURE: [ID 84] Pixel data retrieved successfully
INFO: FBO: [ID 1] Unloaded framebuffer from VRAM (GPU)
INFO: TEXTURE: [ID 84] Texture loaded successfully (192x192 | R8G8B8A8 | 1 mipmaps)
INFO: TEXTURE: [ID 1] Depth renderbuffer loaded successfully (32 bits)
INFO: FBO: [ID 1] Framebuffer object created successfully
INFO: TEXTURE: [ID 84] Pixel data retrieved successfully
INFO: FBO: [ID 1] Unloaded framebuffer from VRAM (GPU)
INFO: TEXTURE: [ID 84] Texture loaded successfully (192x192 | R8G8B8A8 | 1 mipmaps)
INFO: TEXTURE: [ID 1] Depth renderbuffer loaded successfully (32 bits)
INFO: FBO: [ID 1] Framebuffer object created successfully
INFO: TEXTURE: [ID 84] Pixel data retrieved successfully
INFO: FBO: [ID 1] Unloaded framebuffer from VRAM (GPU)
INFO: TEXTURE: [ID 84] Texture loaded successfully (192x192 | R8G8B8A8 | 1 mipmaps)
INFO: TEXTURE: [ID 1] Depth renderbuffer loaded successfully (32 bits)
INFO: FBO: [ID 1] Framebuffer object created successfully
INFO: TEXTURE: [ID 84] Pixel data retrieved successfully
INFO: FBO: [ID 1] Unloaded framebuffer from VRAM (GPU)
INFO: TEXTURE: [ID 84] Texture loaded successfully (192x192 | R8G8B8A8 | 1 mipmaps)
INFO: TEXTURE: [ID 1] Depth renderbuffer loaded successfully (32 bits)
INFO: FBO: [ID 1] Framebuffer object created successfully
INFO: TEXTURE: [ID 84] Pixel data retrieved successfully
INFO: FBO: [ID 1] Unloaded framebuffer from VRAM (GPU)
INFO: TEXTURE: [ID 84] Texture loaded successfully (192x192 | R8G8B8A8 | 1 mipmaps)
INFO: TEXTURE: [ID 1] Depth renderbuffer loaded successfully (32 bits)
INFO: FBO: [ID 1] Framebuffer object created successfully
INFO: TEXTURE: [ID 84] Pixel data retrieved successfully
INFO: FBO: [ID 1] Unloaded framebuffer from VRAM (GPU)
INFO: TEXTURE: [ID 84] Texture loaded successfully (192x192 | R8G8B8A8 | 1 mipmaps)
INFO: TEXTURE: [ID 1] Depth renderbuffer loaded successfully (32 bits)
INFO: FBO: [ID 1] Framebuffer object created successfully
INFO: TEXTURE: [ID 84] Pixel data retrieved successfully
INFO: FBO: [ID 1] Unloaded framebuffer from VRAM (GPU)
INFO: TEXTURE: [ID 84] Texture loaded successfully (192x192 | R8G8B8A8 | 1 mipmaps)
INFO: TEXTURE: [ID 1] Depth renderbuffer loaded successfully (32 bits)
INFO: FBO: [ID 1] Framebuffer object created successfully
INFO: TEXTURE: [ID 84] Pixel data retrieved successfully
INFO: FBO: [ID 1] Unloaded framebuffer from VRAM (GPU)
INFO: TEXTURE: [ID 84] Texture loaded successfully (192x192 | R8G8B8A8 | 1 mipmaps)
INFO: TEXTURE: [ID 1] Depth renderbuffer loaded successfully (32 bits)
INFO: FBO: [ID 1] Framebuffer object created successfully
INFO: TEXTURE: [ID 84] Pixel data retrieved successfully
INFO: FBO: [ID 1] Unloaded framebuffer from VRAM (GPU)
INFO: TEXTURE: [ID 84] Texture loaded successfully (192x192 | R8G8B8A8 | 1 mipmaps)
INFO: TEXTURE: [ID 1] Depth renderbuffer loaded successfully (32 bits)
INFO: FBO: [ID 1] Framebuffer object created successfully
INFO: TEXTURE: [ID 84] Pixel data retrieved successfully
INFO: FBO: [ID 1] Unloaded framebuffer from VRAM (GPU)
INFO: TEXTURE: [ID 84] Texture loaded successfully (192x192 | R8G8B8A8 | 1 mipmaps)
INFO: TEXTURE: [ID 1] Depth renderbuffer loaded successfully (32 bits)
INFO: FBO: [ID 1] Framebuffer object created successfully
INFO: TEXTURE: [ID 84] Pixel data retrieved successfully
INFO: FBO: [ID 1] Unloaded framebuffer from VRAM (GPU)
INFO: TEXTURE: [ID 84] Texture loaded successfully (192x192 | R8G8B8A8 | 1 mipmaps)
INFO: TEXTURE: [ID 1] Depth renderbuffer loaded successfully (32 bits)
INFO: FBO: [ID 1] Framebuffer object created successfully
INFO: TEXTURE: [ID 84] Pixel data retrieved successfully
INFO: FBO: [ID 1] Unloaded framebuffer from VRAM (GPU)
INFO: TEXTURE: [ID 84] Texture loaded successfully (192x192 | R8G8B8A8 | 1 mipmaps)
INFO: TEXTURE: [ID 1] Depth renderbuffer loaded successfully (32 bits)
INFO: FBO: [ID 1] Framebuffer object created successfully
INFO: TEXTURE: [ID 84] Pixel data retrieved successfully
INFO: FBO: [ID 1] Unloaded framebuffer from VRAM (GPU)
INFO: TEXTURE: [ID 84] Texture loaded successfully (192x192 | R8G8B8A8 | 1 mipmaps)
INFO: TEXTURE: [ID 1] Depth renderbuffer loaded successfully (32 bits)
INFO: FBO: [ID 1] Framebuffer object created successfully
INFO: TEXTURE: [ID 84] Pixel data retrieved successfully
INFO: FBO: [ID 1] Unloaded framebuffer from VRAM (GPU)
INFO: TEXTURE: [ID 84] Texture loaded successfully (192x192 | R8G8B8A8 | 1 mipmaps)
INFO: TEXTURE: [ID 1] Depth renderbuffer loaded successfully (32 bits)
INFO: FBO: [ID 1] Framebuffer object created successfully
INFO: TEXTURE: [ID 84] Pixel data retrieved successfully
INFO: FBO: [ID 1] Unloaded framebuffer from VRAM (GPU)
INFO: TEXTURE: [ID 84] Texture loaded successfully (192x192 | R8G8B8A8 | 1 mipmaps)
INFO: TEXTURE: [ID 1] Depth renderbuffer loaded successfully (32 bits)
INFO: FBO: [ID 1] Framebuffer object created successfully
INFO: TEXTURE: [ID 84] Pixel data retrieved successfully
INFO: FBO: [ID 1] Unloaded framebuffer from VRAM (GPU)
INFO: TEXTURE: [ID 84] Texture loaded successfully (192x192 | R8G8B8A8 | 1 mipmaps)
INFO: TEXTURE: [ID 1] Depth renderbuffer loaded successfully (32 bits)
INFO: FBO: [ID 1] Framebuffer object created successfully
INFO: TEXTURE: [ID 84] Pixel data retrieved successfully
INFO: FBO: [ID 1] Unloaded framebuffer from VRAM (GPU)
INFO: TEXTURE: [ID 84] Texture loaded successfully (192x192 | R8G8B8A8 | 1 mipmaps)
INFO: TEXTURE: [ID 1] Depth renderbuffer loaded successfully (32 bits)
INFO: FBO: [ID 1] Framebuffer object created successfully
INFO: TEXTURE: [ID 84] Pixel data retrieved successfully
INFO: FBO: [ID 1] Unloaded framebuffer from VRAM (GPU)
INFO: TEXTURE: [ID 84] Texture loaded successfully (192x192 | R8G8B8A8 | 1 mipmaps)
INFO: TEXTURE: [ID 1] Depth renderbuffer loaded successfully (32 bits)
INFO: FBO: [ID 1] Framebuffer object created successfully
INFO: TEXTURE: [ID 84] Pixel data retrieved successfully
INFO: FBO: [ID 1] Unloaded framebuffer from VRAM (GPU)
INFO: TEXTURE: [ID 84] Texture loaded successfully (192x192 | R8G8B8A8 | 1 mipmaps)
INFO: TEXTURE: [ID 1] Depth renderbuffer loaded successfully (32 bits)
INFO: FBO: [ID 1] Framebuffer object created successfully
INFO: TEXTURE: [ID 84] Pixel data retrieved successfully
INFO: FBO: [ID 1] Unloaded framebuffer from VRAM (GPU)
INFO: TEXTURE: [ID 84] Texture loaded successfully (192x192 | R8G8B8A8 | 1 mipmaps)
INFO: TEXTURE: [ID 1] Depth renderbuffer loaded successfully (32 bits)
INFO: FBO: [ID 1] Framebuffer object created successfully
INFO: TEXTURE: [ID 84] Pixel data retrieved successfully
INFO: FBO: [ID 1] Unloaded framebuffer from VRAM (GPU)
INFO: TEXTURE: [ID 84] Texture loaded successfully (192x192 | R8G8B8A8 | 1 mipmaps)
INFO: TEXTURE: [ID 1] Depth renderbuffer loaded successfully (32 bits)
INFO: FBO: [ID 1] Framebuffer object created successfully
INFO: TEXTURE: [ID 84] Pixel data retrieved successfully
INFO: FBO: [ID 1] Unloaded framebuffer from VRAM (GPU)
INFO: TEXTURE: [ID 84] Texture loaded successfully (192x192 | R8G8B8A8 | 1 mipmaps)
INFO: TEXTURE: [ID 1] Depth renderbuffer loaded successfully (32 bits)
INFO: FBO: [ID 1] Framebuffer object created successfully
INFO: TEXTURE: [ID 84] Pixel data retrieved successfully
INFO: FBO: [ID 1] Unloaded framebuffer from VRAM (GPU)
INFO: TEXTURE: [ID 84] Texture loaded successfully (192x192 | R8G8B8A8 | 1 mipmaps)
INFO: TEXTURE: [ID 1] Depth renderbuffer loaded successfully (32 bits)
INFO: FBO: [ID 1] Framebuffer object created successfully
INFO: TEXTURE: [ID 84] Pixel data retrieved successfully
INFO: FBO: [ID 1] Unloaded framebuffer from VRAM (GPU)
INFO: TEXTURE: [ID 84] Texture loaded successfully (192x192 | R8G8B8A8 | 1 mipmaps)
INFO: TEXTURE: [ID 1] Depth renderbuffer loaded successfully (32 bits)
INFO: FBO: [ID 1] Framebuffer object created successfully
INFO: TEXTURE: [ID 84] Pixel data retrieved successfully
INFO: FBO: [ID 1] Unloaded framebuffer from VRAM (GPU)
INFO: TEXTURE: [ID 84] Texture loaded successfully (192x192 | R8G8B8A8 | 1 mipmaps)
INFO: TEXTURE: [ID 1] Depth renderbuffer loaded successfully (32 bits)
INFO: FBO: [ID 1] Framebuffer object created successfully
INFO: TEXTURE: [ID 84] Pixel data retrieved successfully
INFO: FBO: [ID 1] Unloaded framebuffer from VRAM (GPU)
INFO: TEXTURE: [ID 84] Texture loaded successfully (192x192 | R8G8B8A8 | 1 mipmaps)
INFO: TEXTURE: [ID 1] Depth renderbuffer loaded successfully (32 bits)
INFO: FBO: [ID 1] Framebuffer object created successfully
INFO: TEXTURE: [ID 84] Pixel data retrieved successfully
INFO: FBO: [ID 1] Unloaded framebuffer from VRAM (GPU)
INFO: TEXTURE: [ID 84] Texture loaded successfully (192x192 | R8G8B8A8 | 1 mipmaps)
INFO: TEXTURE: [ID 1] Depth renderbuffer loaded successfully (32 bits)
INFO: FBO: [ID 1] Framebuffer object created successfully
INFO: TEXTURE: [ID 84] Pixel data retrieved successfully
INFO: FBO: [ID 1] Unloaded framebuffer from VRAM (GPU)
INFO: TEXTURE: [ID 84] Texture loaded successfully (192x192 | R8G8B8A8 | 1 mipmaps)
INFO: TEXTURE: [ID 1] Depth renderbuffer loaded successfully (32 bits)
INFO: FBO: [ID 1] Framebuffer object created successfully
INFO: TEXTURE: [ID 84] Pixel data retrieved successfully
INFO: FBO: [ID 1] Unloaded framebuffer from VRAM (GPU)
INFO: TEXTURE: [ID 84] Texture loaded successfully (192x192 | R8G8B8A8 | 1 mipmaps)
INFO: TEXTURE: [ID 1] Depth renderbuffer loaded successfully (32 bits)
INFO: FBO: [ID 1] Framebuffer object created successfully
INFO: TEXTURE: [ID 84] Pixel data retrieved successfully
INFO: FBO: [ID 1] Unloaded framebuffer from VRAM (GPU)
INFO: TEXTURE: [ID 84] Texture loaded successfully (192x192 | R8G8B8A8 | 1 mipmaps)
INFO: TEXTURE: [ID 1] Depth renderbuffer loaded successfully (32 bits)
INFO: FBO: [ID 1] Framebuffer object created successfully
INFO: TEXTURE: [ID 84] Pixel data retrieved successfully
INFO: FBO: [ID 1] Unloaded framebuffer from VRAM (GPU)
INFO: TEXTURE: [ID 84] Texture loaded successfully (192x192 | R8G8B8A8 | 1 mipmaps)
INFO: TEXTURE: [ID 1] Depth renderbuffer loaded successfully (32 bits)
INFO: FBO: [ID 1] Framebuffer object created successfully
INFO: TEXTURE: [ID 84] Pixel data retrieved successfully
INFO: FBO: [ID 1] Unloaded framebuffer from VRAM (GPU)
INFO: TEXTURE: [ID 84] Texture loaded successfully (192x192 | R8G8B8A8 | 1 mipmaps)
INFO: TEXTURE: [ID 1] Depth renderbuffer loaded successfully (32 bits)
INFO: FBO: [ID 1] Framebuffer object created successfully
INFO: TEXTURE: [ID 84] Pixel data retrieved successfully
INFO: FBO: [ID 1] Unloaded framebuffer from VRAM (GPU)
INFO: TEXTURE: [ID 84] Texture loaded successfully (192x192 | R8G8B8A8 | 1 mipmaps)
INFO: TEXTURE: [ID 1] Depth renderbuffer loaded successfully (32 bits)
INFO: FBO: [ID 1] Framebuffer object created successfully
INFO: TEXTURE: [ID 84] Pixel data retrieved successfully
INFO: FBO: [ID 1] Unloaded framebuffer from VRAM (GPU)
INFO: TEXTURE: [ID 84] Texture loaded successfully (192x192 | R8G8B8A8 | 1 mipmaps)
INFO: TEXTURE: [ID 1] Depth renderbuffer loaded successfully (32 bits)
INFO: FBO: [ID 1] Framebuffer object created successfully
INFO: TEXTURE: [ID 84] Pixel data retrieved successfully
INFO: FBO: [ID 1] Unloaded framebuffer from VRAM (GPU)
INFO: TEXTURE: [ID 84] Texture loaded successfully (192x192 | R8G8B8A8 | 1 mipmaps)
INFO: TEXTURE: [ID 1] Depth renderbuffer loaded successfully (32 bits)
INFO: FBO: [ID 1] Framebuffer object created successfully
INFO: TEXTURE: [ID 84] Pixel data retrieved successfully
INFO: FBO: [ID 1] Unloaded framebuffer from VRAM (GPU)
INFO: TEXTURE: [ID 84] Texture loaded successfully (192x192 | R8G8B8A8 | 1 mipmaps)
INFO: TEXTURE: [ID 1] Depth renderbuffer loaded successfully (32 bits)
INFO: FBO: [ID 1] Framebuffer object created successfully
INFO: TEXTURE: [ID 84] Pixel data retrieved successfully
INFO: FBO: [ID 1] Unloaded framebuffer from VRAM (GPU)
INFO: TEXTURE: [ID 84] Texture loaded successfully (192x192 | R8G8B8A8 | 1 mipmaps)
INFO: TEXTURE: [ID 1] Depth renderbuffer loaded successfully (32 bits)
INFO: FBO: [ID 1] Framebuffer object created successfully
INFO: TEXTURE: [ID 84] Pixel data retrieved successfully
INFO: FBO: [ID 1] Unloaded framebuffer from VRAM (GPU)
INFO: TEXTURE: [ID 84] Texture loaded successfully (192x192 | R8G8B8A8 | 1 mipmaps)
INFO: TEXTURE: [ID 1] Depth renderbuffer loaded successfully (32 bits)
INFO: FBO: [ID 1] Framebuffer object created successfully
INFO: TEXTURE: [ID 84] Pixel data retrieved successfully
INFO: FBO: [ID 1] Unloaded framebuffer from VRAM (GPU)
INFO: TEXTURE: [ID 84] Texture loaded successfully (192x192 | R8G8B8A8 | 1 mipmaps)
INFO: TEXTURE: [ID 1] Depth renderbuffer loaded successfully (32 bits)
INFO: FBO: [ID 1] Framebuffer object created successfully
INFO: TEXTURE: [ID 84] Pixel data retrieved successfully
INFO: FBO: [ID 1] Unloaded framebuffer from VRAM (GPU)
INFO: TEXTURE: [ID 84] Texture loaded successfully (192x192 | R8G8B8A8 | 1 mipmaps)
INFO: TEXTURE: [ID 1] Depth renderbuffer loaded successfully (32 bits)
INFO: FBO: [ID 1] Framebuffer object created successfully
INFO: TEXTURE: [ID 84] Pixel data retrieved successfully
INFO: FBO: [ID 1] Unloaded framebuffer from VRAM (GPU)
INFO: TEXTURE: [ID 84] Texture loaded successfully (192x192 | R8G8B8A8 | 1 mipmaps)
INFO: TEXTURE: [ID 1] Depth renderbuffer loaded successfully (32 bits)
INFO: FBO: [ID 1] Framebuffer object created successfully
INFO: TEXTURE: [ID 84] Pixel data retrieved successfully
INFO: FBO: [ID 1] Unloaded framebuffer from VRAM (GPU)
INFO: TEXTURE: [ID 84] Texture loaded successfully (192x192 | R8G8B8A8 | 1 mipmaps)
INFO: TEXTURE: [ID 1] Depth renderbuffer loaded successfully (32 bits)
INFO: FBO: [ID 1] Framebuffer object created successfully
INFO: TEXTURE: [ID 84] Pixel data retrieved successfully
INFO: FBO: [ID 1] Unloaded framebuffer from VRAM (GPU)
INFO: TEXTURE: [ID 84] Texture loaded successfully (192x192 | R8G8B8A8 | 1 mipmaps)
INFO: TEXTURE: [ID 1] Depth renderbuffer loaded successfully (32 bits)
INFO: FBO: [ID 1] Framebuffer object created successfully
INFO: TEXTURE: [ID 84] Pixel data retrieved successfully
INFO: FBO: [ID 1] Unloaded framebuffer from VRAM (GPU)
INFO: TEXTURE: [ID 84] Texture loaded successfully (192x192 | R8G8B8A8 | 1 mipmaps)
INFO: TEXTURE: [ID 1] Depth renderbuffer loaded successfully (32 bits)
INFO: FBO: [ID 1] Framebuffer object created successfully
INFO: TEXTURE: [ID 84] Pixel data retrieved successfully
INFO: FBO: [ID 1] Unloaded framebuffer from VRAM (GPU)
INFO: TEXTURE: [ID 84] Texture loaded successfully (192x192 | R8G8B8A8 | 1 mipmaps)
INFO: TEXTURE: [ID 1] Depth renderbuffer loaded successfully (32 bits)
INFO: FBO: [ID 1] Framebuffer object created successfully
INFO: TEXTURE: [ID 84] Pixel data retrieved successfully
INFO: FBO: [ID 1] Unloaded framebuffer from VRAM (GPU)
INFO: TEXTURE: [ID 84] Texture loaded successfully (192x192 | R8G8B8A8 | 1 mipmaps)
INFO: TEXTURE: [ID 1] Depth renderbuffer loaded successfully (32 bits)
INFO: FBO: [ID 1] Framebuffer object created successfully
INFO: TEXTURE: [ID 84] Pixel data retrieved successfully
INFO: FBO: [ID 1] Unloaded framebuffer from VRAM (GPU)
INFO: TEXTURE: [ID 84] Texture loaded successfully (192x192 | R8G8B8A8 | 1 mipmaps)
INFO: TEXTURE: [ID 1] Depth renderbuffer loaded successfully (32 bits)
INFO: FBO: [ID 1] Framebuffer object created successfully
INFO: TEXTURE: [ID 84] Pixel data retrieved successfully
INFO: FBO: [ID 1] Unloaded framebuffer from VRAM (GPU)
INFO: TEXTURE: [ID 84] Texture loaded successfully (192x192 | R8G8B8A8 | 1 mipmaps)
INFO: TEXTURE: [ID 1] Depth renderbuffer loaded successfully (32 bits)
INFO: FBO: [ID 1] Framebuffer object created successfully
INFO: TEXTURE: [ID 84] Pixel data retrieved successfully
INFO: FBO: [ID 1] Unloaded framebuffer from VRAM (GPU)
INFO: TEXTURE: [ID 84] Texture loaded successfully (192x192 | R8G8B8A8 | 1 mipmaps)
INFO: TEXTURE: [ID 1] Depth renderbuffer loaded successfully (32 bits)
INFO: FBO: [ID 1] Framebuffer object created successfully
INFO: TEXTURE: [ID 84] Pixel data retrieved successfully
INFO: FBO: [ID 1] Unloaded framebuffer from VRAM (GPU)
INFO: TEXTURE: [ID 84] Texture loaded successfully (192x192 | R8G8B8A8 | 1 mipmaps)
INFO: TEXTURE: [ID 1] Depth renderbuffer loaded successfully (32 bits)
INFO: FBO: [ID 1] Framebuffer object created successfully
INFO: TEXTURE: [ID 84] Pixel data retrieved successfully
INFO: FBO: [ID 1] Unloaded framebuffer from VRAM (GPU)
INFO: TEXTURE: [ID 84] Texture loaded successfully (192x192 | R8G8B8A8 | 1 mipmaps)
INFO: TEXTURE: [ID 1] Depth renderbuffer loaded successfully (32 bits)
INFO: FBO: [ID 1] Framebuffer object created successfully
INFO: TEXTURE: [ID 84] Pixel data retrieved successfully
INFO: FBO: [ID 1] Unloaded framebuffer from VRAM (GPU)
INFO: TEXTURE: [ID 84] Texture loaded successfully (192x192 | R8G8B8A8 | 1 mipmaps)
INFO: TEXTURE: [ID 1] Depth renderbuffer loaded successfully (32 bits)
INFO: FBO: [ID 1] Framebuffer object created successfully
INFO: TEXTURE: [ID 84] Pixel data retrieved successfully
INFO: FBO: [ID 1] Unloaded framebuffer from VRAM (GPU)
INFO: TEXTURE: [ID 84] Texture loaded successfully (192x192 | R8G8B8A8 | 1 mipmaps)
INFO: TEXTURE: [ID 1] Depth renderbuffer loaded successfully (32 bits)
INFO: FBO: [ID 1] Framebuffer object created successfully
INFO: TEXTURE: [ID 84] Pixel data retrieved successfully
INFO: FBO: [ID 1] Unloaded framebuffer from VRAM (GPU)
INFO: TEXTURE: [ID 84] Texture loaded successfully (192x192 | R8G8B8A8 | 1 mipmaps)
INFO: TEXTURE: [ID 1] Depth renderbuffer loaded successfully (32 bits)
INFO: FBO: [ID 1] Framebuffer object created successfully
INFO: TEXTURE: [ID 84] Pixel data retrieved successfully
INFO: FBO: [ID 1] Unloaded framebuffer from VRAM (GPU)
INFO: TEXTURE: [ID 84] Texture loaded successfully (192x192 | R8G8B8A8 | 1 mipmaps)
INFO: TEXTURE: [ID 1] Depth renderbuffer loaded successfully (32 bits)
INFO: FBO: [ID 1] Framebuffer object created successfully
INFO: TEXTURE: [ID 84] Pixel data retrieved successfully
INFO: FBO: [ID 1] Unloaded framebuffer from VRAM (GPU)
INFO: TEXTURE: [ID 84] Texture loaded successfully (192x192 | R8G8B8A8 | 1 mipmaps)
INFO: TEXTURE: [ID 1] Depth renderbuffer loaded successfully (32 bits)
INFO: FBO: [ID 1] Framebuffer object created successfully
INFO: TEXTURE: [ID 84] Pixel data retrieved successfully
INFO: FBO: [ID 1] Unloaded framebuffer from VRAM (GPU)
INFO: TEXTURE: [ID 84] Texture loaded successfully (192x192 | R8G8B8A8 | 1 mipmaps)
INFO: TEXTURE: [ID 1] Depth renderbuffer loaded successfully (32 bits)
INFO: FBO: [ID 1] Framebuffer object created successfully
INFO: TEXTURE: [ID 84] Pixel data retrieved successfully
INFO: FBO: [ID 1] Unloaded framebuffer from VRAM (GPU)
INFO: TEXTURE: [ID 84] Texture loaded successfully (192x192 | R8G8B8A8 | 1 mipmaps)
INFO: TEXTURE: [ID 1] Depth renderbuffer loaded successfully (32 bits)
INFO: FBO: [ID 1] Framebuffer object created successfully
INFO: TEXTURE: [ID 84] Pixel data retrieved successfully
INFO: FBO: [ID 1] Unloaded framebuffer from VRAM (GPU)
INFO: TEXTURE: [ID 84] Texture loaded successfully (192x192 | R8G8B8A8 | 1 mipmaps)
INFO: TEXTURE: [ID 1] Depth renderbuffer loaded successfully (32 bits)
INFO: FBO: [ID 1] Framebuffer object created successfully
INFO: TEXTURE: [ID 84] Pixel data retrieved successfully
INFO: FBO: [ID 1] Unloaded framebuffer from VRAM (GPU)
INFO: TEXTURE: [ID 84] Texture loaded successfully (192x192 | R8G8B8A8 | 1 mipmaps)
INFO: TEXTURE: [ID 1] Depth renderbuffer loaded successfully (32 bits)
INFO: FBO: [ID 1] Framebuffer object created successfully
INFO: TEXTURE: [ID 84] Pixel data retrieved successfully
INFO: FBO: [ID 1] Unloaded framebuffer from VRAM (GPU)
INFO: TEXTURE: [ID 84] Texture loaded successfully (192x192 | R8G8B8A8 | 1 mipmaps)
INFO: TEXTURE: [ID 1] Depth renderbuffer loaded successfully (32 bits)
INFO: FBO: [ID 1] Framebuffer object created successfully
INFO: TEXTURE: [ID 84] Pixel data retrieved successfully
INFO: FBO: [ID 1] Unloaded framebuffer from VRAM (GPU)
INFO: TEXTURE: [ID 84] Texture loaded successfully (192x192 | R8G8B8A8 | 1 mipmaps)
INFO: TEXTURE: [ID 1] Depth renderbuffer loaded successfully (32 bits)
INFO: FBO: [ID 1] Framebuffer object created successfully
INFO: TEXTURE: [ID 84] Pixel data retrieved successfully
INFO: FBO: [ID 1] Unloaded framebuffer from VRAM (GPU)
INFO: TEXTURE: [ID 84] Texture loaded successfully (192x192 | R8G8B8A8 | 1 mipmaps)
INFO: TEXTURE: [ID 1] Depth renderbuffer loaded successfully (32 bits)
INFO: FBO: [ID 1] Framebuffer object created successfully
INFO: TEXTURE: [ID 84] Pixel data retrieved successfully
INFO: FBO: [ID 1] Unloaded framebuffer from VRAM (GPU)
INFO: TEXTURE: [ID 84] Texture loaded successfully (192x192 | R8G8B8A8 | 1 mipmaps)
INFO: TEXTURE: [ID 1] Depth renderbuffer loaded successfully (32 bits)
INFO: FBO: [ID 1] Framebuffer object created successfully
INFO: TEXTURE: [ID 84] Pixel data retrieved successfully
INFO: FBO: [ID 1] Unloaded framebuffer from VRAM (GPU)
INFO: TEXTURE: [ID 84] Texture loaded successfully (192x192 | R8G8B8A8 | 1 mipmaps)
INFO: TEXTURE: [ID 1] Depth renderbuffer loaded successfully (32 bits)
INFO: FBO: [ID 1] Framebuffer object created successfully
INFO: TEXTURE: [ID 84] Pixel data retrieved successfully
INFO: FBO: [ID 1] Unloaded framebuffer from VRAM (GPU)
INFO: TEXTURE: [ID 84] Texture loaded successfully (192x192 | R8G8B8A8 | 1 mipmaps)
INFO: TEXTURE: [ID 1] Depth renderbuffer loaded successfully (32 bits)
INFO: FBO: [ID 1] Framebuffer object created successfully
INFO: TEXTURE: [ID 84] Pixel data retrieved successfully
INFO: FBO: [ID 1] Unloaded framebuffer from VRAM (GPU)
INFO: TEXTURE: [ID 84] Texture loaded successfully (192x192 | R8G8B8A8 | 1 mipmaps)
INFO: TEXTURE: [ID 1] Depth renderbuffer loaded successfully (32 bits)
INFO: FBO: [ID 1] Framebuffer object created successfully
INFO: TEXTURE: [ID 84] Pixel data retrieved successfully
INFO: FBO: [ID 1] Unloaded framebuffer from VRAM (GPU)
INFO: TEXTURE: [ID 84] Texture loaded successfully (192x192 | R8G8B8A8 | 1 mipmaps)
INFO: TEXTURE: [ID 1] Depth renderbuffer loaded successfully (32 bits)
INFO: FBO: [ID 1] Framebuffer object created successfully
INFO: TEXTURE: [ID 84] Pixel data retrieved successfully
INFO: FBO: [ID 1] Unloaded framebuffer from VRAM (GPU)
INFO: TEXTURE: [ID 84] Texture loaded successfully (192x192 | R8G8B8A8 | 1 mipmaps)
INFO: TEXTURE: [ID 1] Depth renderbuffer loaded successfully (32 bits)
INFO: FBO: [ID 1] Framebuffer object created successfully
INFO: TEXTURE: [ID 84] Pixel data retrieved successfully
INFO: FBO: [ID 1] Unloaded framebuffer from VRAM (GPU)
INFO: TEXTURE: [ID 84] Texture loaded successfully (192x192 | R8G8B8A8 | 1 mipmaps)
INFO: TEXTURE: [ID 1] Depth renderbuffer loaded successfully (32 bits)
INFO: FBO: [ID 1] Framebuffer object created successfully
INFO: TEXTURE: [ID 84] Pixel data retrieved successfully
INFO: FBO: [ID 1] Unloaded framebuffer from VRAM (GPU)
INFO: TEXTURE: [ID 84] Texture loaded successfully (192x192 | R8G8B8A8 | 1 mipmaps)
INFO: TEXTURE: [ID 1] Depth renderbuffer loaded successfully (32 bits)
INFO: FBO: [ID 1] Framebuffer object created successfully
INFO: TEXTURE: [ID 84] Pixel data retrieved successfully
INFO: FBO: [ID 1] Unloaded framebuffer from VRAM (GPU)
INFO: TEXTURE: [ID 84] Texture loaded successfully (192x192 | R8G8B8A8 | 1 mipmaps)
INFO: TEXTURE: [ID 1] Depth renderbuffer loaded successfully (32 bits)
INFO: FBO: [ID 1] Framebuffer object created successfully
INFO: TEXTURE: [ID 84] Pixel data retrieved successfully
INFO: FBO: [ID 1] Unloaded framebuffer from VRAM (GPU)
INFO: TEXTURE: [ID 84] Texture loaded successfully (192x192 | R8G8B8A8 | 1 mipmaps)
INFO: TEXTURE: [ID 1] Depth renderbuffer loaded successfully (32 bits)
INFO: FBO: [ID 1] Framebuffer object created successfully
INFO: TEXTURE: [ID 84] Pixel data retrieved successfully
INFO: FBO: [ID 1] Unloaded framebuffer from VRAM (GPU)
INFO: TEXTURE: [ID 84] Texture loaded successfully (192x192 | R8G8B8A8 | 1 mipmaps)
INFO: TEXTURE: [ID 1] Depth renderbuffer loaded successfully (32 bits)
INFO: FBO: [ID 1] Framebuffer object created successfully
INFO: TEXTURE: [ID 84] Pixel data retrieved successfully
INFO: FBO: [ID 1] Unloaded framebuffer from VRAM (GPU)
INFO: TEXTURE: [ID 84] Texture loaded successfully (192x192 | R8G8B8A8 | 1 mipmaps)
INFO: TEXTURE: [ID 1] Depth renderbuffer loaded successfully (32 bits)
INFO: FBO: [ID 1] Framebuffer object created successfully
INFO: TEXTURE: [ID 84] Pixel data retrieved successfully
INFO: FBO: [ID 1] Unloaded framebuffer from VRAM (GPU)
INFO: TEXTURE: [ID 84] Texture loaded successfully (192x192 | R8G8B8A8 | 1 mipmaps)
INFO: TEXTURE: [ID 1] Depth renderbuffer loaded successfully (32 bits)
INFO: FBO: [ID 1] Framebuffer object created successfully
INFO: TEXTURE: [ID 84] Pixel data retrieved successfully
INFO: FBO: [ID 1] Unloaded framebuffer from VRAM (GPU)
INFO: TEXTURE: [ID 84] Texture loaded successfully (192x192 | R8G8B8A8 | 1 mipmaps)
INFO: TEXTURE: [ID 1] Depth renderbuffer loaded successfully (32 bits)
INFO: FBO: [ID 1] Framebuffer object created successfully
INFO: TEXTURE: [ID 84] Pixel data retrieved successfully
INFO: FBO: [ID 1] Unloaded framebuffer from VRAM (GPU)
INFO: TEXTURE: [ID 84] Texture loaded successfully (192x192 | R8G8B8A8 | 1 mipmaps)
INFO: TEXTURE: [ID 1] Depth renderbuffer loaded successfully (32 bits)
INFO: FBO: [ID 1] Framebuffer object created successfully
INFO: TEXTURE: [ID 84] Pixel data retrieved successfully
INFO: FBO: [ID 1] Unloaded framebuffer from VRAM (GPU)
INFO: TEXTURE: [ID 84] Texture loaded successfully (192x192 | R8G8B8A8 | 1 mipmaps)
INFO: TEXTURE: [ID 1] Depth renderbuffer loaded successfully (32 bits)
INFO: FBO: [ID 1] Framebuffer object created successfully
INFO: TEXTURE: [ID 84] Pixel data retrieved successfully
INFO: FBO: [ID 1] Unloaded framebuffer from VRAM (GPU)
INFO: TEXTURE: [ID 84] Texture loaded successfully (192x192 | R8G8B8A8 | 1 mipmaps)
INFO: TEXTURE: [ID 1] Depth renderbuffer loaded successfully (32 bits)
INFO: FBO: [ID 1] Framebuffer object created successfully
INFO: TEXTURE: [ID 84] Pixel data retrieved successfully
INFO: FBO: [ID 1] Unloaded framebuffer from VRAM (GPU)
INFO: TEXTURE: [ID 84] Texture loaded successfully (192x192 | R8G8B8A8 | 1 mipmaps)
INFO: TEXTURE: [ID 1] Depth renderbuffer loaded successfully (32 bits)
INFO: FBO: [ID 1] Framebuffer object created successfully
INFO: TEXTURE: [ID 84] Pixel data retrieved successfully
INFO: FBO: [ID 1] Unloaded framebuffer from VRAM (GPU)
INFO: TEXTURE: [ID 84] Texture loaded successfully (192x192 | R8G8B8A8 | 1 mipmaps)
INFO: TEXTURE: [ID 1] Depth renderbuffer loaded successfully (32 bits)
INFO: FBO: [ID 1] Framebuffer object created successfully
INFO: TEXTURE: [ID 84] Pixel data retrieved successfully
INFO: FBO: [ID 1] Unloaded framebuffer from VRAM (GPU)
INFO: TEXTURE: [ID 84] Texture loaded successfully (192x192 | R8G8B8A8 | 1 mipmaps)
INFO: TEXTURE: [ID 1] Depth renderbuffer loaded successfully (32 bits)
INFO: FBO: [ID 1] Framebuffer object created successfully
INFO: TEXTURE: [ID 84] Pixel data retrieved successfully
INFO: FBO: [ID 1] Unloaded framebuffer from VRAM (GPU)
INFO: TEXTURE: [ID 84] Texture loaded successfully (192x192 | R8G8B8A8 | 1 mipmaps)
INFO: TEXTURE: [ID 1] Depth renderbuffer loaded successfully (32 bits)
INFO: FBO: [ID 1] Framebuffer object created successfully
INFO: TEXTURE: [ID 84] Pixel data retrieved successfully
INFO: FBO: [ID 1] Unloaded framebuffer from VRAM (GPU)
INFO: TEXTURE: [ID 84] Texture loaded successfully (192x192 | R8G8B8A8 | 1 mipmaps)
INFO: TEXTURE: [ID 1] Depth renderbuffer loaded successfully (32 bits)
INFO: FBO: [ID 1] Framebuffer object created successfully
INFO: TEXTURE: [ID 84] Pixel data retrieved successfully
INFO: FBO: [ID 1] Unloaded framebuffer from VRAM (GPU)
INFO: TEXTURE: [ID 84] Texture loaded successfully (192x192 | R8G8B8A8 | 1 mipmaps)
INFO: TEXTURE: [ID 1] Depth renderbuffer loaded successfully (32 bits)
INFO: FBO: [ID 1] Framebuffer object created successfully
INFO: TEXTURE: [ID 84] Pixel data retrieved successfully
INFO: FBO: [ID 1] Unloaded framebuffer from VRAM (GPU)
INFO: TEXTURE: [ID 84] Texture loaded successfully (192x192 | R8G8B8A8 | 1 mipmaps)
INFO: TEXTURE: [ID 1] Depth renderbuffer loaded successfully (32 bits)
INFO: FBO: [ID 1] Framebuffer object created successfully
INFO: TEXTURE: [ID 84] Pixel data retrieved successfully
INFO: FBO: [ID 1] Unloaded framebuffer from VRAM (GPU)
INFO: TEXTURE: [ID 84] Texture loaded successfully (192x192 | R8G8B8A8 | 1 mipmaps)
INFO: TEXTURE: [ID 1] Depth renderbuffer loaded successfully (32 bits)
INFO: FBO: [ID 1] Framebuffer object created successfully
INFO: TEXTURE: [ID 84] Pixel data retrieved successfully
INFO: FBO: [ID 1] Unloaded framebuffer from VRAM (GPU)
INFO: TEXTURE: [ID 84] Texture loaded successfully (192x192 | R8G8B8A8 | 1 mipmaps)
INFO: TEXTURE: [ID 1] Depth renderbuffer loaded successfully (32 bits)
INFO: FBO: [ID 1] Framebuffer object created successfully
INFO: TEXTURE: [ID 84] Pixel data retrieved successfully
INFO: FBO: [ID 1] Unloaded framebuffer from VRAM (GPU)
INFO: TEXTURE: [ID 84] Texture loaded successfully (192x192 | R8G8B8A8 | 1 mipmaps)
INFO: TEXTURE: [ID 1] Depth renderbuffer loaded successfully (32 bits)
INFO: FBO: [ID 1] Framebuffer object created successfully
INFO: TEXTURE: [ID 84] Pixel data retrieved successfully
INFO: FBO: [ID 1] Unloaded framebuffer from VRAM (GPU)
INFO: TEXTURE: [ID 84] Texture loaded successfully (192x192 | R8G8B8A8 | 1 mipmaps)
INFO: TEXTURE: [ID 1] Depth renderbuffer loaded successfully (32 bits)
INFO: FBO: [ID 1] Framebuffer object created successfully
INFO: TEXTURE: [ID 84] Pixel data retrieved successfully
INFO: FBO: [ID 1] Unloaded framebuffer from VRAM (GPU)
INFO: TEXTURE: [ID 84] Texture loaded successfully (192x192 | R8G8B8A8 | 1 mipmaps)
INFO: TEXTURE: [ID 1] Depth renderbuffer loaded successfully (32 bits)
INFO: FBO: [ID 1] Framebuffer object created successfully
INFO: TEXTURE: [ID 84] Pixel data retrieved successfully
INFO: FBO: [ID 1] Unloaded framebuffer from VRAM (GPU)
INFO: TEXTURE: [ID 84] Texture loaded successfully (192x192 | R8G8B8A8 | 1 mipmaps)
INFO: TEXTURE: [ID 1] Depth renderbuffer loaded successfully (32 bits)
INFO: FBO: [ID 1] Framebuffer object created successfully
INFO: TEXTURE: [ID 84] Pixel data retrieved successfully
INFO: FBO: [ID 1] Unloaded framebuffer from VRAM (GPU)
INFO: TEXTURE: [ID 84] Texture loaded successfully (192x192 | R8G8B8A8 | 1 mipmaps)
INFO: TEXTURE: [ID 1] Depth renderbuffer loaded successfully (32 bits)
INFO: FBO: [ID 1] Framebuffer object created successfully
INFO: TEXTURE: [ID 84] Pixel data retrieved successfully
INFO: FBO: [ID 1] Unloaded framebuffer from VRAM (GPU)
INFO: TEXTURE: [ID 84] Texture loaded successfully (192x192 | R8G8B8A8 | 1 mipmaps)
INFO: TEXTURE: [ID 1] Depth renderbuffer loaded successfully (32 bits)
INFO: FBO: [ID 1] Framebuffer object created successfully
INFO: TEXTURE: [ID 84] Pixel data retrieved successfully
INFO: FBO: [ID 1] Unloaded framebuffer from VRAM (GPU)
INFO: TEXTURE: [ID 84] Texture loaded successfully (192x192 | R8G8B8A8 | 1 mipmaps)
INFO: TEXTURE: [ID 1] Depth renderbuffer loaded successfully (32 bits)
INFO: FBO: [ID 1] Framebuffer object created successfully
INFO: TEXTURE: [ID 84] Pixel data retrieved successfully
INFO: FBO: [ID 1] Unloaded framebuffer from VRAM (GPU)
INFO: TEXTURE: [ID 84] Texture loaded successfully (192x192 | R8G8B8A8 | 1 mipmaps)
INFO: TEXTURE: [ID 1] Depth renderbuffer loaded successfully (32 bits)
INFO: FBO: [ID 1] Framebuffer object created successfully
INFO: TEXTURE: [ID 84] Pixel data retrieved successfully
INFO: FBO: [ID 1] Unloaded framebuffer from VRAM (GPU)
INFO: TEXTURE: [ID 84] Texture loaded successfully (192x192 | R8G8B8A8 | 1 mipmaps)
INFO: TEXTURE: [ID 1] Depth renderbuffer loaded successfully (32 bits)
INFO: FBO: [ID 1] Framebuffer object created successfully
INFO: TEXTURE: [ID 84] Pixel data retrieved successfully
INFO: FBO: [ID 1] Unloaded framebuffer from VRAM (GPU)
INFO: TEXTURE: [ID 84] Texture loaded successfully (192x192 | R8G8B8A8 | 1 mipmaps)
INFO: TEXTURE: [ID 1] Depth renderbuffer loaded successfully (32 bits)
INFO: FBO: [ID 1] Framebuffer object created successfully
INFO: TEXTURE: [ID 84] Pixel data retrieved successfully
INFO: FBO: [ID 1] Unloaded framebuffer from VRAM (GPU)
INFO: TEXTURE: [ID 84] Texture loaded successfully (192x192 | R8G8B8A8 | 1 mipmaps)
INFO: TEXTURE: [ID 1] Depth renderbuffer loaded successfully (32 bits)
INFO: FBO: [ID 1] Framebuffer object created successfully
INFO: TEXTURE: [ID 84] Pixel data retrieved successfully
INFO: FBO: [ID 1] Unloaded framebuffer from VRAM (GPU)
INFO: TEXTURE: [ID 84] Texture loaded successfully (192x192 | R8G8B8A8 | 1 mipmaps)
INFO: TEXTURE: [ID 1] Depth renderbuffer loaded successfully (32 bits)
INFO: FBO: [ID 1] Framebuffer object created successfully
INFO: TEXTURE: [ID 84] Pixel data retrieved successfully
INFO: FBO: [ID 1] Unloaded framebuffer from VRAM (GPU)
INFO: TEXTURE: [ID 84] Texture loaded successfully (192x192 | R8G8B8A8 | 1 mipmaps)
INFO: TEXTURE: [ID 1] Depth renderbuffer loaded successfully (32 bits)
INFO: FBO: [ID 1] Framebuffer object created successfully
INFO: TEXTURE: [ID 84] Pixel data retrieved successfully
INFO: FBO: [ID 1] Unloaded framebuffer from VRAM (GPU)
INFO: TEXTURE: [ID 84] Texture loaded successfully (192x192 | R8G8B8A8 | 1 mipmaps)
INFO: TEXTURE: [ID 1] Depth renderbuffer loaded successfully (32 bits)
INFO: FBO: [ID 1] Framebuffer object created successfully
INFO: TEXTURE: [ID 84] Pixel data retrieved successfully
INFO: FBO: [ID 1] Unloaded framebuffer from VRAM (GPU)
INFO: TEXTURE: [ID 84] Texture loaded successfully (192x192 | R8G8B8A8 | 1 mipmaps)
INFO: TEXTURE: [ID 1] Depth renderbuffer loaded successfully (32 bits)
INFO: FBO: [ID 1] Framebuffer object created successfully
INFO: TEXTURE: [ID 84] Pixel data retrieved successfully
INFO: FBO: [ID 1] Unloaded framebuffer from VRAM (GPU)
INFO: TEXTURE: [ID 84] Texture loaded successfully (192x192 | R8G8B8A8 | 1 mipmaps)
INFO: TEXTURE: [ID 1] Depth renderbuffer loaded successfully (32 bits)
INFO: FBO: [ID 1] Framebuffer object created successfully
INFO: TEXTURE: [ID 84] Pixel data retrieved successfully
INFO: FBO: [ID 1] Unloaded framebuffer from VRAM (GPU)
INFO: TEXTURE: [ID 84] Texture loaded successfully (192x192 | R8G8B8A8 | 1 mipmaps)
INFO: TEXTURE: [ID 1] Depth renderbuffer loaded successfully (32 bits)
INFO: FBO: [ID 1] Framebuffer object created successfully
INFO: TEXTURE: [ID 84] Pixel data retrieved successfully
INFO: FBO: [ID 1] Unloaded framebuffer from VRAM (GPU)
INFO: TEXTURE: [ID 84] Texture loaded successfully (192x192 | R8G8B8A8 | 1 mipmaps)
INFO: TEXTURE: [ID 1] Depth renderbuffer loaded successfully (32 bits)
INFO: FBO: [ID 1] Framebuffer object created successfully
INFO: TEXTURE: [ID 84] Pixel data retrieved successfully
INFO: FBO: [ID 1] Unloaded framebuffer from VRAM (GPU)
INFO: TEXTURE: [ID 84] Texture loaded successfully (192x192 | R8G8B8A8 | 1 mipmaps)
INFO: TEXTURE: [ID 1] Depth renderbuffer loaded successfully (32 bits)
INFO: FBO: [ID 1] Framebuffer object created successfully
INFO: TEXTURE: [ID 84] Pixel data retrieved successfully
INFO: FBO: [ID 1] Unloaded framebuffer from VRAM (GPU)
INFO: TEXTURE: [ID 84] Texture loaded successfully (192x192 | R8G8B8A8 | 1 mipmaps)
INFO: TEXTURE: [ID 1] Depth renderbuffer loaded successfully (32 bits)
INFO: FBO: [ID 1] Framebuffer object created successfully
INFO: TEXTURE: [ID 84] Pixel data retrieved successfully
INFO: FBO: [ID 1] Unloaded framebuffer from VRAM (GPU)
INFO: TEXTURE: [ID 84] Texture loaded successfully (192x192 | R8G8B8A8 | 1 mipmaps)
INFO: TEXTURE: [ID 1] Depth renderbuffer loaded successfully (32 bits)
INFO: FBO: [ID 1] Framebuffer object created successfully
INFO: TEXTURE: [ID 84] Pixel data retrieved successfully
INFO: FBO: [ID 1] Unloaded framebuffer from VRAM (GPU)
INFO: TEXTURE: [ID 84] Texture loaded successfully (192x192 | R8G8B8A8 | 1 mipmaps)
INFO: TEXTURE: [ID 1] Depth renderbuffer loaded successfully (32 bits)
INFO: FBO: [ID 1] Framebuffer object created successfully
INFO: TEXTURE: [ID 84] Pixel data retrieved successfully
INFO: FBO: [ID 1] Unloaded framebuffer from VRAM (GPU)
INFO: TEXTURE: [ID 84] Texture loaded successfully (192x192 | R8G8B8A8 | 1 mipmaps)
INFO: TEXTURE: [ID 1] Depth renderbuffer loaded successfully (32 bits)
INFO: FBO: [ID 1] Framebuffer object created successfully
INFO: TEXTURE: [ID 84] Pixel data retrieved successfully
INFO: FBO: [ID 1] Unloaded framebuffer from VRAM (GPU)
INFO: TEXTURE: [ID 84] Texture loaded successfully (192x192 | R8G8B8A8 | 1 mipmaps)
INFO: TEXTURE: [ID 1] Depth renderbuffer loaded successfully (32 bits)
INFO: FBO: [ID 1] Framebuffer object created successfully
INFO: TEXTURE: [ID 84] Pixel data retrieved successfully
INFO: FBO: [ID 1] Unloaded framebuffer from VRAM (GPU)
INFO: TEXTURE: [ID 84] Texture loaded successfully (192x192 | R8G8B8A8 | 1 mipmaps)
INFO: TEXTURE: [ID 1] Depth renderbuffer loaded successfully (32 bits)
INFO: FBO: [ID 1] Framebuffer object created successfully
INFO: TEXTURE: [ID 84] Pixel data retrieved successfully
INFO: FBO: [ID 1] Unloaded framebuffer from VRAM (GPU)
INFO: TEXTURE: [ID 84] Texture loaded successfully (192x192 | R8G8B8A8 | 1 mipmaps)
INFO: TEXTURE: [ID 1] Depth renderbuffer loaded successfully (32 bits)
INFO: FBO: [ID 1] Framebuffer object created successfully
INFO: TEXTURE: [ID 84] Pixel data retrieved successfully
INFO: FBO: [ID 1] Unloaded framebuffer from VRAM (GPU)
INFO: TEXTURE: [ID 84] Texture loaded successfully (192x192 | R8G8B8A8 | 1 mipmaps)
INFO: TEXTURE: [ID 1] Depth renderbuffer loaded successfully (32 bits)
INFO: FBO: [ID 1] Framebuffer object created successfully
INFO: TEXTURE: [ID 84] Pixel data retrieved successfully
INFO: FBO: [ID 1] Unloaded framebuffer from VRAM (GPU)
INFO: TEXTURE: [ID 84] Texture loaded successfully (192x192 | R8G8B8A8 | 1 mipmaps)
INFO: TEXTURE: [ID 1] Depth renderbuffer loaded successfully (32 bits)
INFO: FBO: [ID 1] Framebuffer object created successfully
INFO: TEXTURE: [ID 84] Pixel data retrieved successfully
INFO: FBO: [ID 1] Unloaded framebuffer from VRAM (GPU)
INFO: TEXTURE: [ID 84] Texture loaded successfully (192x192 | R8G8B8A8 | 1 mipmaps)
INFO: TEXTURE: [ID 1] Depth renderbuffer loaded successfully (32 bits)
INFO: FBO: [ID 1] Framebuffer object created successfully
INFO: TEXTURE: [ID 84] Pixel data retrieved successfully
INFO: FBO: [ID 1] Unloaded framebuffer from VRAM (GPU)
INFO: TEXTURE: [ID 84] Texture loaded successfully (192x192 | R8G8B8A8 | 1 mipmaps)
INFO: TEXTURE: [ID 1] Depth renderbuffer loaded successfully (32 bits)
INFO: FBO: [ID 1] Framebuffer object created successfully
INFO: TEXTURE: [ID 84] Pixel data retrieved successfully
INFO: FBO: [ID 1] Unloaded framebuffer from VRAM (GPU)
INFO: TEXTURE: [ID 84] Texture loaded successfully (192x192 | R8G8B8A8 | 1 mipmaps)
INFO: TEXTURE: [ID 1] Depth renderbuffer loaded successfully (32 bits)
INFO: FBO: [ID 1] Framebuffer object created successfully
INFO: TEXTURE: [ID 84] Pixel data retrieved successfully
INFO: FBO: [ID 1] Unloaded framebuffer from VRAM (GPU)
INFO: TEXTURE: [ID 84] Texture loaded successfully (192x192 | R8G8B8A8 | 1 mipmaps)
INFO: TEXTURE: [ID 1] Depth renderbuffer loaded successfully (32 bits)
INFO: FBO: [ID 1] Framebuffer object created successfully
INFO: TEXTURE: [ID 84] Pixel data retrieved successfully
INFO: FBO: [ID 1] Unloaded framebuffer from VRAM (GPU)
INFO: TEXTURE: [ID 84] Texture loaded successfully (192x192 | R8G8B8A8 | 1 mipmaps)
INFO: TEXTURE: [ID 1] Depth renderbuffer loaded successfully (32 bits)
INFO: FBO: [ID 1] Framebuffer object created successfully
INFO: TEXTURE: [ID 84] Pixel data retrieved successfully
INFO: FBO: [ID 1] Unloaded framebuffer from VRAM (GPU)
INFO: TEXTURE: [ID 84] Texture loaded successfully (192x192 | R8G8B8A8 | 1 mipmaps)
INFO: TEXTURE: [ID 1] Depth renderbuffer loaded successfully (32 bits)
INFO: FBO: [ID 1] Framebuffer object created successfully
INFO: TEXTURE: [ID 84] Pixel data retrieved successfully
INFO: FBO: [ID 1] Unloaded framebuffer from VRAM (GPU)
INFO: TEXTURE: [ID 84] Texture loaded successfully (192x192 | R8G8B8A8 | 1 mipmaps)
INFO: TEXTURE: [ID 1] Depth renderbuffer loaded successfully (32 bits)
INFO: FBO: [ID 1] Framebuffer object created successfully
INFO: TEXTURE: [ID 84] Pixel data retrieved successfully
INFO: FBO: [ID 1] Unloaded framebuffer from VRAM (GPU)
INFO: TEXTURE: [ID 84] Texture loaded successfully (192x192 | R8G8B8A8 | 1 mipmaps)
INFO: TEXTURE: [ID 1] Depth renderbuffer loaded successfully (32 bits)
INFO: FBO: [ID 1] Framebuffer object created successfully
INFO: TEXTURE: [ID 84] Pixel data retrieved successfully
INFO: FBO: [ID 1] Unloaded framebuffer from VRAM (GPU)
INFO: TEXTURE: [ID 84] Texture loaded successfully (192x192 | R8G8B8A8 | 1 mipmaps)
INFO: TEXTURE: [ID 1] Depth renderbuffer loaded successfully (32 bits)
INFO: FBO: [ID 1] Framebuffer object created successfully
INFO: TEXTURE: [ID 84] Pixel data retrieved successfully
INFO: FBO: [ID 1] Unloaded framebuffer from VRAM (GPU)
INFO: TEXTURE: [ID 84] Texture loaded successfully (192x192 | R8G8B8A8 | 1 mipmaps)
INFO: TEXTURE: [ID 1] Depth renderbuffer loaded successfully (32 bits)
INFO: FBO: [ID 1] Framebuffer object created successfully
INFO: TEXTURE: [ID 84] Pixel data retrieved successfully
INFO: FBO: [ID 1] Unloaded framebuffer from VRAM (GPU)
INFO: TEXTURE: [ID 84] Texture loaded successfully (192x192 | R8G8B8A8 | 1 mipmaps)
INFO: TEXTURE: [ID 1] Depth renderbuffer loaded successfully (32 bits)
INFO: FBO: [ID 1] Framebuffer object created successfully
INFO: TEXTURE: [ID 84] Pixel data retrieved successfully
INFO: FBO: [ID 1] Unloaded framebuffer from VRAM (GPU)
INFO: TEXTURE: [ID 84] Texture loaded successfully (192x192 | R8G8B8A8 | 1 mipmaps)
INFO: TEXTURE: [ID 1] Depth renderbuffer loaded successfully (32 bits)
INFO: FBO: [ID 1] Framebuffer object created successfully
INFO: TEXTURE: [ID 84] Pixel data retrieved successfully
INFO: FBO: [ID 1] Unloaded framebuffer from VRAM (GPU)
INFO: TEXTURE: [ID 84] Texture loaded successfully (192x192 | R8G8B8A8 | 1 mipmaps)
INFO: TEXTURE: [ID 1] Depth renderbuffer loaded successfully (32 bits)
INFO: FBO: [ID 1] Framebuffer object created successfully
INFO: TEXTURE: [ID 84] Pixel data retrieved successfully
INFO: FBO: [ID 1] Unloaded framebuffer from VRAM (GPU)
INFO: TEXTURE: [ID 84] Texture loaded successfully (192x192 | R8G8B8A8 | 1 mipmaps)
INFO: TEXTURE: [ID 1] Depth renderbuffer loaded successfully (32 bits)
INFO: FBO: [ID 1] Framebuffer object created successfully
INFO: TEXTURE: [ID 84] Pixel data retrieved successfully
INFO: FBO: [ID 1] Unloaded framebuffer from VRAM (GPU)
INFO: TEXTURE: [ID 84] Texture loaded successfully (192x192 | R8G8B8A8 | 1 mipmaps)
INFO: TEXTURE: [ID 1] Depth renderbuffer loaded successfully (32 bits)
INFO: FBO: [ID 1] Framebuffer object created successfully
INFO: TEXTURE: [ID 84] Pixel data retrieved successfully
INFO: FBO: [ID 1] Unloaded framebuffer from VRAM (GPU)
INFO: TEXTURE: [ID 84] Texture loaded successfully (192x192 | R8G8B8A8 | 1 mipmaps)
INFO: TEXTURE: [ID 1] Depth renderbuffer loaded successfully (32 bits)
INFO: FBO: [ID 1] Framebuffer object created successfully
INFO: TEXTURE: [ID 84] Pixel data retrieved successfully
INFO: FBO: [ID 1] Unloaded framebuffer from VRAM (GPU)
INFO: TEXTURE: [ID 84] Texture loaded successfully (192x192 | R8G8B8A8 | 1 mipmaps)
INFO: TEXTURE: [ID 1] Depth renderbuffer loaded successfully (32 bits)
INFO: FBO: [ID 1] Framebuffer object created successfully
INFO: TEXTURE: [ID 84] Pixel data retrieved successfully
INFO: FBO: [ID 1] Unloaded framebuffer from VRAM (GPU)
INFO: TEXTURE: [ID 84] Texture loaded successfully (192x192 | R8G8B8A8 | 1 mipmaps)
INFO: TEXTURE: [ID 1] Depth renderbuffer loaded successfully (32 bits)
INFO: FBO: [ID 1] Framebuffer object created successfully
INFO: TEXTURE: [ID 84] Pixel data retrieved successfully
INFO: FBO: [ID 1] Unloaded framebuffer from VRAM (GPU)
INFO: TEXTURE: [ID 84] Texture loaded successfully (192x192 | R8G8B8A8 | 1 mipmaps)
INFO: TEXTURE: [ID 1] Depth renderbuffer loaded successfully (32 bits)
INFO: FBO: [ID 1] Framebuffer object created successfully
INFO: TEXTURE: [ID 84] Pixel data retrieved successfully
INFO: FBO: [ID 1] Unloaded framebuffer from VRAM (GPU)
INFO: TEXTURE: [ID 84] Texture loaded successfully (192x192 | R8G8B8A8 | 1 mipmaps)
INFO: TEXTURE: [ID 1] Depth renderbuffer loaded successfully (32 bits)
INFO: FBO: [ID 1] Framebuffer object created successfully
INFO: TEXTURE: [ID 84] Pixel data retrieved successfully
INFO: FBO: [ID 1] Unloaded framebuffer from VRAM (GPU)
INFO: TEXTURE: [ID 84] Texture loaded successfully (192x192 | R8G8B8A8 | 1 mipmaps)
INFO: TEXTURE: [ID 1] Depth renderbuffer loaded successfully (32 bits)
INFO: FBO: [ID 1] Framebuffer object created successfully
INFO: TEXTURE: [ID 84] Pixel data retrieved successfully
INFO: FBO: [ID 1] Unloaded framebuffer from VRAM (GPU)
INFO: TEXTURE: [ID 84] Texture loaded successfully (192x192 | R8G8B8A8 | 1 mipmaps)
INFO: TEXTURE: [ID 1] Depth renderbuffer loaded successfully (32 bits)
INFO: FBO: [ID 1] Framebuffer object created successfully
INFO: TEXTURE: [ID 84] Pixel data retrieved successfully
INFO: FBO: [ID 1] Unloaded framebuffer from VRAM (GPU)
INFO: TEXTURE: [ID 84] Texture loaded successfully (192x192 | R8G8B8A8 | 1 mipmaps)
INFO: TEXTURE: [ID 1] Depth renderbuffer loaded successfully (32 bits)
INFO: FBO: [ID 1] Framebuffer object created successfully
INFO: TEXTURE: [ID 84] Pixel data retrieved successfully
INFO: FBO: [ID 1] Unloaded framebuffer from VRAM (GPU)
INFO: TEXTURE: [ID 84] Texture loaded successfully (192x192 | R8G8B8A8 | 1 mipmaps)
INFO: TEXTURE: [ID 1] Depth renderbuffer loaded successfully (32 bits)
INFO: FBO: [ID 1] Framebuffer object created successfully
INFO: TEXTURE: [ID 84] Pixel data retrieved successfully
INFO: FBO: [ID 1] Unloaded framebuffer from VRAM (GPU)
INFO: TEXTURE: [ID 84] Texture loaded successfully (192x192 | R8G8B8A8 | 1 mipmaps)
INFO: TEXTURE: [ID 1] Depth renderbuffer loaded successfully (32 bits)
INFO: FBO: [ID 1] Framebuffer object created successfully
INFO: TEXTURE: [ID 84] Pixel data retrieved successfully
INFO: FBO: [ID 1] Unloaded framebuffer from VRAM (GPU)
INFO: TEXTURE: [ID 84] Texture loaded successfully (192x192 | R8G8B8A8 | 1 mipmaps)
INFO: TEXTURE: [ID 1] Depth renderbuffer loaded successfully (32 bits)
INFO: FBO: [ID 1] Framebuffer object created successfully
INFO: TEXTURE: [ID 84] Pixel data retrieved successfully
INFO: FBO: [ID 1] Unloaded framebuffer from VRAM (GPU)
INFO: TEXTURE: [ID 84] Texture loaded successfully (192x192 | R8G8B8A8 | 1 mipmaps)
INFO: TEXTURE: [ID 1] Depth renderbuffer loaded successfully (32 bits)
INFO: FBO: [ID 1] Framebuffer object created successfully
INFO: TEXTURE: [ID 84] Pixel data retrieved successfully
INFO: FBO: [ID 1] Unloaded framebuffer from VRAM (GPU)
INFO: TEXTURE: [ID 84] Texture loaded successfully (192x192 | R8G8B8A8 | 1 mipmaps)
INFO: TEXTURE: [ID 1] Depth renderbuffer loaded successfully (32 bits)
INFO: FBO: [ID 1] Framebuffer object created successfully
INFO: TEXTURE: [ID 84] Pixel data retrieved successfully
INFO: FBO: [ID 1] Unloaded framebuffer from VRAM (GPU)
INFO: TEXTURE: [ID 84] Texture loaded successfully (192x192 | R8G8B8A8 | 1 mipmaps)
INFO: TEXTURE: [ID 1] Depth renderbuffer loaded successfully (32 bits)
INFO: FBO: [ID 1] Framebuffer object created successfully
INFO: TEXTURE: [ID 84] Pixel data retrieved successfully
INFO: FBO: [ID 1] Unloaded framebuffer from VRAM (GPU)
INFO: TEXTURE: [ID 84] Texture loaded successfully (192x192 | R8G8B8A8 | 1 mipmaps)
INFO: TEXTURE: [ID 1] Depth renderbuffer loaded successfully (32 bits)
INFO: FBO: [ID 1] Framebuffer object created successfully
INFO: TEXTURE: [ID 84] Pixel data retrieved successfully
INFO: FBO: [ID 1] Unloaded framebuffer from VRAM (GPU)
INFO: TEXTURE: [ID 84] Texture loaded successfully (192x192 | R8G8B8A8 | 1 mipmaps)
INFO: TEXTURE: [ID 1] Depth renderbuffer loaded successfully (32 bits)
INFO: FBO: [ID 1] Framebuffer object created successfully
INFO: TEXTURE: [ID 84] Pixel data retrieved successfully
INFO: FBO: [ID 1] Unloaded framebuffer from VRAM (GPU)
INFO: TEXTURE: [ID 84] Texture loaded successfully (192x192 | R8G8B8A8 | 1 mipmaps)
INFO: TEXTURE: [ID 1] Depth renderbuffer loaded successfully (32 bits)
INFO: FBO: [ID 1] Framebuffer object created successfully
INFO: TEXTURE: [ID 84] Pixel data retrieved successfully
INFO: FBO: [ID 1] Unloaded framebuffer from VRAM (GPU)
INFO: TEXTURE: [ID 84] Texture loaded successfully (192x192 | R8G8B8A8 | 1 mipmaps)
INFO: TEXTURE: [ID 1] Depth renderbuffer loaded successfully (32 bits)
INFO: FBO: [ID 1] Framebuffer object created successfully
INFO: TEXTURE: [ID 84] Pixel data retrieved successfully
INFO: FBO: [ID 1] Unloaded framebuffer from VRAM (GPU)
INFO: TEXTURE: [ID 84] Texture loaded successfully (192x192 | R8G8B8A8 | 1 mipmaps)
INFO: TEXTURE: [ID 1] Depth renderbuffer loaded successfully (32 bits)
INFO: FBO: [ID 1] Framebuffer object created successfully
INFO: TEXTURE: [ID 84] Pixel data retrieved successfully
INFO: FBO: [ID 1] Unloaded framebuffer from VRAM (GPU)
INFO: TEXTURE: [ID 84] Texture loaded successfully (192x192 | R8G8B8A8 | 1 mipmaps)
INFO: TEXTURE: [ID 1] Depth renderbuffer loaded successfully (32 bits)
INFO: FBO: [ID 1] Framebuffer object created successfully
INFO: TEXTURE: [ID 84] Pixel data retrieved successfully
INFO: FBO: [ID 1] Unloaded framebuffer from VRAM (GPU)
INFO: TEXTURE: [ID 84] Texture loaded successfully (192x192 | R8G8B8A8 | 1 mipmaps)
INFO: TEXTURE: [ID 1] Depth renderbuffer loaded successfully (32 bits)
INFO: FBO: [ID 1] Framebuffer object created successfully
INFO: TEXTURE: [ID 84] Pixel data retrieved successfully
INFO: FBO: [ID 1] Unloaded framebuffer from VRAM (GPU)
INFO: TEXTURE: [ID 84] Texture loaded successfully (192x192 | R8G8B8A8 | 1 mipmaps)
INFO: TEXTURE: [ID 1] Depth renderbuffer loaded successfully (32 bits)
INFO: FBO: [ID 1] Framebuffer object created successfully
INFO: TEXTURE: [ID 84] Pixel data retrieved successfully
INFO: FBO: [ID 1] Unloaded framebuffer from VRAM (GPU)
INFO: TEXTURE: [ID 84] Texture loaded successfully (192x192 | R8G8B8A8 | 1 mipmaps)
INFO: TEXTURE: [ID 1] Depth renderbuffer loaded successfully (32 bits)
INFO: FBO: [ID 1] Framebuffer object created successfully
INFO: TEXTURE: [ID 84] Pixel data retrieved successfully
INFO: FBO: [ID 1] Unloaded framebuffer from VRAM (GPU)
INFO: TEXTURE: [ID 84] Texture loaded successfully (192x192 | R8G8B8A8 | 1 mipmaps)
INFO: TEXTURE: [ID 1] Depth renderbuffer loaded successfully (32 bits)
INFO: FBO: [ID 1] Framebuffer object created successfully
INFO: TEXTURE: [ID 84] Pixel data retrieved successfully
INFO: FBO: [ID 1] Unloaded framebuffer from VRAM (GPU)
INFO: TEXTURE: [ID 84] Texture loaded successfully (192x192 | R8G8B8A8 | 1 mipmaps)
INFO: TEXTURE: [ID 1] Depth renderbuffer loaded successfully (32 bits)
INFO: FBO: [ID 1] Framebuffer object created successfully
INFO: TEXTURE: [ID 84] Pixel data retrieved successfully
INFO: FBO: [ID 1] Unloaded framebuffer from VRAM (GPU)
INFO: TEXTURE: [ID 84] Texture loaded successfully (192x192 | R8G8B8A8 | 1 mipmaps)
INFO: TEXTURE: [ID 1] Depth renderbuffer loaded successfully (32 bits)
INFO: FBO: [ID 1] Framebuffer object created successfully
INFO: TEXTURE: [ID 84] Pixel data retrieved successfully
INFO: FBO: [ID 1] Unloaded framebuffer from VRAM (GPU)
INFO: TEXTURE: [ID 84] Texture loaded successfully (192x192 | R8G8B8A8 | 1 mipmaps)
INFO: TEXTURE: [ID 1] Depth renderbuffer loaded successfully (32 bits)
INFO: FBO: [ID 1] Framebuffer object created successfully
INFO: TEXTURE: [ID 84] Pixel data retrieved successfully
INFO: FBO: [ID 1] Unloaded framebuffer from VRAM (GPU)
INFO: TEXTURE: [ID 84] Texture loaded successfully (192x192 | R8G8B8A8 | 1 mipmaps)
INFO: TEXTURE: [ID 1] Depth renderbuffer loaded successfully (32 bits)
INFO: FBO: [ID 1] Framebuffer object created successfully
INFO: TEXTURE: [ID 84] Pixel data retrieved successfully
INFO: FBO: [ID 1] Unloaded framebuffer from VRAM (GPU)
INFO: TEXTURE: [ID 84] Texture loaded successfully (192x192 | R8G8B8A8 | 1 mipmaps)
INFO: TEXTURE: [ID 1] Depth renderbuffer loaded successfully (32 bits)
INFO: FBO: [ID 1] Framebuffer object created successfully
INFO: TEXTURE: [ID 84] Pixel data retrieved successfully
INFO: FBO: [ID 1] Unloaded framebuffer from VRAM (GPU)
INFO: TEXTURE: [ID 84] Texture loaded successfully (192x192 | R8G8B8A8 | 1 mipmaps)
INFO: TEXTURE: [ID 1] Depth renderbuffer loaded successfully (32 bits)
INFO: FBO: [ID 1] Framebuffer object created successfully
INFO: TEXTURE: [ID 84] Pixel data retrieved successfully
INFO: FBO: [ID 1] Unloaded framebuffer from VRAM (GPU)
INFO: TEXTURE: [ID 84] Texture loaded successfully (192x192 | R8G8B8A8 | 1 mipmaps)
INFO: TEXTURE: [ID 1] Depth renderbuffer loaded successfully (32 bits)
INFO: FBO: [ID 1] Framebuffer object created successfully
INFO: TEXTURE: [ID 84] Pixel data retrieved successfully
INFO: FBO: [ID 1] Unloaded framebuffer from VRAM (GPU)
INFO: TEXTURE: [ID 84] Texture loaded successfully (192x192 | R8G8B8A8 | 1 mipmaps)
INFO: TEXTURE: [ID 1] Depth renderbuffer loaded successfully (32 bits)
INFO: FBO: [ID 1] Framebuffer object created successfully
INFO: TEXTURE: [ID 84] Pixel data retrieved successfully
INFO: FBO: [ID 1] Unloaded framebuffer from VRAM (GPU)
INFO: TEXTURE: [ID 84] Texture loaded successfully (192x192 | R8G8B8A8 | 1 mipmaps)
INFO: TEXTURE: [ID 1] Depth renderbuffer loaded successfully (32 bits)
INFO: FBO: [ID 1] Framebuffer object created successfully
INFO: TEXTURE: [ID 84] Pixel data retrieved successfully
INFO: FBO: [ID 1] Unloaded framebuffer from VRAM (GPU)
INFO: TEXTURE: [ID 84] Texture loaded successfully (192x192 | R8G8B8A8 | 1 mipmaps)
INFO: TEXTURE: [ID 1] Depth renderbuffer loaded successfully (32 bits)
INFO: FBO: [ID 1] Framebuffer object created successfully
INFO: TEXTURE: [ID 84] Pixel data retrieved successfully
INFO: FBO: [ID 1] Unloaded framebuffer from VRAM (GPU)
INFO: TEXTURE: [ID 84] Texture loaded successfully (192x192 | R8G8B8A8 | 1 mipmaps)
INFO: TEXTURE: [ID 1] Depth renderbuffer loaded successfully (32 bits)
INFO: FBO: [ID 1] Framebuffer object created successfully
INFO: TEXTURE: [ID 84] Pixel data retrieved successfully
INFO: FBO: [ID 1] Unloaded framebuffer from VRAM (GPU)
INFO: TEXTURE: [ID 84] Texture loaded successfully (192x192 | R8G8B8A8 | 1 mipmaps)
INFO: TEXTURE: [ID 1] Depth renderbuffer loaded successfully (32 bits)
INFO: FBO: [ID 1] Framebuffer object created successfully
INFO: TEXTURE: [ID 84] Pixel data retrieved successfully
INFO: FBO: [ID 1] Unloaded framebuffer from VRAM (GPU)
INFO: TEXTURE: [ID 84] Texture loaded successfully (192x192 | R8G8B8A8 | 1 mipmaps)
INFO: TEXTURE: [ID 1] Depth renderbuffer loaded successfully (32 bits)
INFO: FBO: [ID 1] Framebuffer object created successfully
INFO: TEXTURE: [ID 84] Pixel data retrieved successfully
INFO: FBO: [ID 1] Unloaded framebuffer from VRAM (GPU)
INFO: TEXTURE: [ID 84] Texture loaded successfully (192x192 | R8G8B8A8 | 1 mipmaps)
INFO: TEXTURE: [ID 1] Depth renderbuffer loaded successfully (32 bits)
INFO: FBO: [ID 1] Framebuffer object created successfully
INFO: TEXTURE: [ID 84] Pixel data retrieved successfully
INFO: FBO: [ID 1] Unloaded framebuffer from VRAM (GPU)
INFO: TEXTURE: [ID 84] Texture loaded successfully (192x192 | R8G8B8A8 | 1 mipmaps)
INFO: TEXTURE: [ID 1] Depth renderbuffer loaded successfully (32 bits)
INFO: FBO: [ID 1] Framebuffer object created successfully
INFO: TEXTURE: [ID 84] Pixel data retrieved successfully
INFO: FBO: [ID 1] Unloaded framebuffer from VRAM (GPU)
INFO: TEXTURE: [ID 84] Texture loaded successfully (192x192 | R8G8B8A8 | 1 mipmaps)
INFO: TEXTURE: [ID 1] Depth renderbuffer loaded successfully (32 bits)
INFO: FBO: [ID 1] Framebuffer object created successfully
INFO: TEXTURE: [ID 84] Pixel data retrieved successfully
INFO: FBO: [ID 1] Unloaded framebuffer from VRAM (GPU)
INFO: TEXTURE: [ID 84] Texture loaded successfully (192x192 | R8G8B8A8 | 1 mipmaps)
INFO: TEXTURE: [ID 1] Depth renderbuffer loaded successfully (32 bits)
INFO: FBO: [ID 1] Framebuffer object created successfully
INFO: TEXTURE: [ID 84] Pixel data retrieved successfully
INFO: FBO: [ID 1] Unloaded framebuffer from VRAM (GPU)
INFO: TEXTURE: [ID 84] Texture loaded successfully (192x192 | R8G8B8A8 | 1 mipmaps)
INFO: TEXTURE: [ID 1] Depth renderbuffer loaded successfully (32 bits)
INFO: FBO: [ID 1] Framebuffer object created successfully
INFO: TEXTURE: [ID 84] Pixel data retrieved successfully
INFO: FBO: [ID 1] Unloaded framebuffer from VRAM (GPU)
INFO: TEXTURE: [ID 84] Texture loaded successfully (192x192 | R8G8B8A8 | 1 mipmaps)
INFO: TEXTURE: [ID 1] Depth renderbuffer loaded successfully (32 bits)
INFO: FBO: [ID 1] Framebuffer object created successfully
INFO: TEXTURE: [ID 84] Pixel data retrieved successfully
INFO: FBO: [ID 1] Unloaded framebuffer from VRAM (GPU)
INFO: TEXTURE: [ID 84] Texture loaded successfully (192x192 | R8G8B8A8 | 1 mipmaps)
INFO: TEXTURE: [ID 1] Depth renderbuffer loaded successfully (32 bits)
INFO: FBO: [ID 1] Framebuffer object created successfully
INFO: TEXTURE: [ID 84] Pixel data retrieved successfully
INFO: FBO: [ID 1] Unloaded framebuffer from VRAM (GPU)
INFO: TEXTURE: [ID 84] Texture loaded successfully (192x192 | R8G8B8A8 | 1 mipmaps)
INFO: TEXTURE: [ID 1] Depth renderbuffer loaded successfully (32 bits)
INFO: FBO: [ID 1] Framebuffer object created successfully
INFO: TEXTURE: [ID 84] Pixel data retrieved successfully
INFO: FBO: [ID 1] Unloaded framebuffer from VRAM (GPU)
INFO: TEXTURE: [ID 84] Texture loaded successfully (192x192 | R8G8B8A8 | 1 mipmaps)
INFO: TEXTURE: [ID 1] Depth renderbuffer loaded successfully (32 bits)
INFO: FBO: [ID 1] Framebuffer object created successfully
INFO: TEXTURE: [ID 84] Pixel data retrieved successfully
INFO: FBO: [ID 1] Unloaded framebuffer from VRAM (GPU)
INFO: TEXTURE: [ID 84] Texture loaded successfully (192x192 | R8G8B8A8 | 1 mipmaps)
INFO: TEXTURE: [ID 1] Depth renderbuffer loaded successfully (32 bits)
INFO: FBO: [ID 1] Framebuffer object created successfully
INFO: TEXTURE: [ID 84] Pixel data retrieved successfully
INFO: FBO: [ID 1] Unloaded framebuffer from VRAM (GPU)
INFO: TEXTURE: [ID 84] Texture loaded successfully (192x192 | R8G8B8A8 | 1 mipmaps)
INFO: TEXTURE: [ID 1] Depth renderbuffer loaded successfully (32 bits)
INFO: FBO: [ID 1] Framebuffer object created successfully
INFO: TEXTURE: [ID 84] Pixel data retrieved successfully
INFO: FBO: [ID 1] Unloaded framebuffer from VRAM (GPU)
INFO: TEXTURE: [ID 84] Texture loaded successfully (192x192 | R8G8B8A8 | 1 mipmaps)
INFO: TEXTURE: [ID 1] Depth renderbuffer loaded successfully (32 bits)
INFO: FBO: [ID 1] Framebuffer object created successfully
INFO: TEXTURE: [ID 84] Pixel data retrieved successfully
INFO: FBO: [ID 1] Unloaded framebuffer from VRAM (GPU)
INFO: TEXTURE: [ID 84] Texture loaded successfully (1280x720 | R8G8B8A8 | 1 mipmaps)
INFO: TEXTURE: [ID 1] Depth renderbuffer loaded successfully (32 bits)
INFO: FBO: [ID 1] Framebuffer object created successfully
INFO: TEXTURE: [ID 84] Pixel data retrieved successfully
INFO: FILEIO: [D:\my_game\output\world-map-qa\character-qa\exusiai-walk-regression.png] File saved successfully
INFO: FILEIO: [D:\my_game\output\world-map-qa\character-qa\exusiai-walk-regression.png] Image exported successfully
INFO: FBO: [ID 1] Unloaded framebuffer from VRAM (GPU)
INFO: FILEIO: [D:\my_game\output\world-map-qa\character-qa\rig_parts\head.png] File saved successfully
INFO: FILEIO: [D:\my_game\output\world-map-qa\character-qa\rig_parts\head.png] Image exported successfully
INFO: FILEIO: [D:\my_game\output\world-map-qa\character-qa\rig_parts\torso.png] File saved successfully
INFO: FILEIO: [D:\my_game\output\world-map-qa\character-qa\rig_parts\torso.png] Image exported successfully
INFO: FILEIO: [D:\my_game\output\world-map-qa\character-qa\rig_parts\armFront.png] File saved successfully
INFO: FILEIO: [D:\my_game\output\world-map-qa\character-qa\rig_parts\armFront.png] Image exported successfully
INFO: FILEIO: [D:\my_game\output\world-map-qa\character-qa\rig_parts\armBack.png] File saved successfully
INFO: FILEIO: [D:\my_game\output\world-map-qa\character-qa\rig_parts\armBack.png] Image exported successfully
INFO: FILEIO: [D:\my_game\output\world-map-qa\character-qa\rig_parts\legFront.png] File saved successfully
INFO: FILEIO: [D:\my_game\output\world-map-qa\character-qa\rig_parts\legFront.png] Image exported successfully
INFO: FILEIO: [D:\my_game\output\world-map-qa\character-qa\rig_parts\legBack.png] File saved successfully
INFO: FILEIO: [D:\my_game\output\world-map-qa\character-qa\rig_parts\legBack.png] Image exported successfully
INFO: FILEIO: [D:\my_game\output\world-map-qa\character-qa\rig_parts\weapon.png] File saved successfully
INFO: FILEIO: [D:\my_game\output\world-map-qa\character-qa\rig_parts\weapon.png] Image exported successfully
INFO: IMAGE: Data loaded successfully (18x58 | R8G8B8A8 | 1 mipmaps)
INFO: TEXTURE: [ID 84] Texture loaded successfully (18x58 | R8G8B8A8 | 1 mipmaps)
INFO: IMAGE: Data loaded successfully (18x58 | R8G8B8A8 | 1 mipmaps)
INFO: TEXTURE: [ID 86] Texture loaded successfully (18x58 | R8G8B8A8 | 1 mipmaps)
INFO: IMAGE: Data loaded successfully (64x56 | R8G8B8A8 | 1 mipmaps)
INFO: TEXTURE: [ID 87] Texture loaded successfully (64x56 | R8G8B8A8 | 1 mipmaps)
INFO: IMAGE: Data loaded successfully (22x60 | R8G8B8A8 | 1 mipmaps)
INFO: TEXTURE: [ID 88] Texture loaded successfully (22x60 | R8G8B8A8 | 1 mipmaps)
INFO: IMAGE: Data loaded successfully (22x60 | R8G8B8A8 | 1 mipmaps)
INFO: TEXTURE: [ID 89] Texture loaded successfully (22x60 | R8G8B8A8 | 1 mipmaps)
INFO: IMAGE: Data loaded successfully (52x64 | R8G8B8A8 | 1 mipmaps)
INFO: TEXTURE: [ID 90] Texture loaded successfully (52x64 | R8G8B8A8 | 1 mipmaps)
INFO: IMAGE: Data loaded successfully (14x72 | R8G8B8A8 | 1 mipmaps)
INFO: TEXTURE: [ID 91] Texture loaded successfully (14x72 | R8G8B8A8 | 1 mipmaps)
INFO: TEXTURE: [ID 92] Texture loaded successfully (180x160 | R8G8B8A8 | 1 mipmaps)
INFO: TEXTURE: [ID 1] Depth renderbuffer loaded successfully (32 bits)
INFO: FBO: [ID 1] Framebuffer object created successfully
INFO: TEXTURE: [ID 92] Pixel data retrieved successfully
INFO: FILEIO: [D:\my_game\output\world-map-qa\character-qa\single_sprite.png] File saved successfully
INFO: FILEIO: [D:\my_game\output\world-map-qa\character-qa\single_sprite.png] Image exported successfully
INFO: FBO: [ID 1] Unloaded framebuffer from VRAM (GPU)
INFO: IMAGE: Data loaded successfully (62x134 | R8G8B8A8 | 1 mipmaps)
INFO: TEXTURE: [ID 92] Texture loaded successfully (62x134 | R8G8B8A8 | 1 mipmaps)
INFO: TEXTURE: [ID 93] Texture loaded successfully (1280x720 | R8G8B8A8 | 1 mipmaps)
INFO: TEXTURE: [ID 1] Depth renderbuffer loaded successfully (32 bits)
INFO: FBO: [ID 1] Framebuffer object created successfully
INFO: TEXTURE: [ID 93] Pixel data retrieved successfully
INFO: FILEIO: [D:\my_game\output\world-map-qa\character-qa\default-actions.png] File saved successfully
INFO: FILEIO: [D:\my_game\output\world-map-qa\character-qa\default-actions.png] Image exported successfully
INFO: FBO: [ID 1] Unloaded framebuffer from VRAM (GPU)
INFO: TEXTURE: [ID 93] Texture loaded successfully (1280x720 | R8G8B8A8 | 1 mipmaps)
INFO: TEXTURE: [ID 1] Depth renderbuffer loaded successfully (32 bits)
INFO: FBO: [ID 1] Framebuffer object created successfully
INFO: TEXTURE: [ID 93] Pixel data retrieved successfully
INFO: FILEIO: [D:\my_game\output\world-map-qa\character-qa\mirrored-actions.png] File saved successfully
INFO: FILEIO: [D:\my_game\output\world-map-qa\character-qa\mirrored-actions.png] Image exported successfully
INFO: FBO: [ID 1] Unloaded framebuffer from VRAM (GPU)
Character render smoke test passed: "D:\\my_game\\output\\world-map-qa\\character-qa"
INFO: TEXTURE: [ID 85] Unloaded texture data from VRAM (GPU)
INFO: TEXTURE: [ID 28] Unloaded texture data from VRAM (GPU)
INFO: TEXTURE: [ID 37] Unloaded texture data from VRAM (GPU)
INFO: TEXTURE: [ID 29] Unloaded texture data from VRAM (GPU)
INFO: TEXTURE: [ID 33] Unloaded texture data from VRAM (GPU)
INFO: TEXTURE: [ID 25] Unloaded texture data from VRAM (GPU)
INFO: TEXTURE: [ID 26] Unloaded texture data from VRAM (GPU)
INFO: TEXTURE: [ID 39] Unloaded texture data from VRAM (GPU)
INFO: TEXTURE: [ID 42] Unloaded texture data from VRAM (GPU)
INFO: TEXTURE: [ID 45] Unloaded texture data from VRAM (GPU)
INFO: TEXTURE: [ID 43] Unloaded texture data from VRAM (GPU)
INFO: TEXTURE: [ID 44] Unloaded texture data from VRAM (GPU)
INFO: TEXTURE: [ID 46] Unloaded texture data from VRAM (GPU)
INFO: TEXTURE: [ID 47] Unloaded texture data from VRAM (GPU)
INFO: TEXTURE: [ID 48] Unloaded texture data from VRAM (GPU)
INFO: TEXTURE: [ID 38] Unloaded texture data from VRAM (GPU)
INFO: TEXTURE: [ID 41] Unloaded texture data from VRAM (GPU)
INFO: TEXTURE: [ID 27] Unloaded texture data from VRAM (GPU)
INFO: TEXTURE: [ID 36] Unloaded texture data from VRAM (GPU)
INFO: TEXTURE: [ID 35] Unloaded texture data from VRAM (GPU)
INFO: TEXTURE: [ID 32] Unloaded texture data from VRAM (GPU)
INFO: TEXTURE: [ID 40] Unloaded texture data from VRAM (GPU)
INFO: TEXTURE: [ID 49] Unloaded texture data from VRAM (GPU)
INFO: TEXTURE: [ID 52] Unloaded texture data from VRAM (GPU)
INFO: TEXTURE: [ID 50] Unloaded texture data from VRAM (GPU)
INFO: TEXTURE: [ID 51] Unloaded texture data from VRAM (GPU)
INFO: TEXTURE: [ID 62] Unloaded texture data from VRAM (GPU)
INFO: TEXTURE: [ID 63] Unloaded texture data from VRAM (GPU)
INFO: TEXTURE: [ID 64] Unloaded texture data from VRAM (GPU)
INFO: TEXTURE: [ID 58] Unloaded texture data from VRAM (GPU)
INFO: TEXTURE: [ID 57] Unloaded texture data from VRAM (GPU)
INFO: TEXTURE: [ID 56] Unloaded texture data from VRAM (GPU)
INFO: TEXTURE: [ID 55] Unloaded texture data from VRAM (GPU)
INFO: TEXTURE: [ID 65] Unloaded texture data from VRAM (GPU)
INFO: TEXTURE: [ID 61] Unloaded texture data from VRAM (GPU)
INFO: TEXTURE: [ID 67] Unloaded texture data from VRAM (GPU)
INFO: TEXTURE: [ID 68] Unloaded texture data from VRAM (GPU)
INFO: TEXTURE: [ID 69] Unloaded texture data from VRAM (GPU)
INFO: TEXTURE: [ID 70] Unloaded texture data from VRAM (GPU)
INFO: TEXTURE: [ID 71] Unloaded texture data from VRAM (GPU)
INFO: TEXTURE: [ID 72] Unloaded texture data from VRAM (GPU)
INFO: TEXTURE: [ID 73] Unloaded texture data from VRAM (GPU)
INFO: TEXTURE: [ID 74] Unloaded texture data from VRAM (GPU)
INFO: TEXTURE: [ID 75] Unloaded texture data from VRAM (GPU)
INFO: TEXTURE: [ID 76] Unloaded texture data from VRAM (GPU)
INFO: TEXTURE: [ID 77] Unloaded texture data from VRAM (GPU)
INFO: TEXTURE: [ID 78] Unloaded texture data from VRAM (GPU)
INFO: TEXTURE: [ID 79] Unloaded texture data from VRAM (GPU)
INFO: TEXTURE: [ID 80] Unloaded texture data from VRAM (GPU)
INFO: TEXTURE: [ID 59] Unloaded texture data from VRAM (GPU)
INFO: TEXTURE: [ID 60] Unloaded texture data from VRAM (GPU)
INFO: TEXTURE: [ID 66] Unloaded texture data from VRAM (GPU)
INFO: TEXTURE: [ID 54] Unloaded texture data from VRAM (GPU)
INFO: TEXTURE: [ID 53] Unloaded texture data from VRAM (GPU)
INFO: TEXTURE: [ID 34] Unloaded texture data from VRAM (GPU)
INFO: TEXTURE: [ID 30] Unloaded texture data from VRAM (GPU)
INFO: TEXTURE: [ID 31] Unloaded texture data from VRAM (GPU)
INFO: TEXTURE: [ID 3] Unloaded texture data from VRAM (GPU)
INFO: TEXTURE: [ID 4] Unloaded texture data from VRAM (GPU)
INFO: TEXTURE: [ID 81] Unloaded texture data from VRAM (GPU)
INFO: TEXTURE: [ID 82] Unloaded texture data from VRAM (GPU)
INFO: TEXTURE: [ID 83] Unloaded texture data from VRAM (GPU)
INFO: TEXTURE: [ID 84] Unloaded texture data from VRAM (GPU)
INFO: TEXTURE: [ID 86] Unloaded texture data from VRAM (GPU)
INFO: TEXTURE: [ID 87] Unloaded texture data from VRAM (GPU)
INFO: TEXTURE: [ID 88] Unloaded texture data from VRAM (GPU)
INFO: TEXTURE: [ID 89] Unloaded texture data from VRAM (GPU)
INFO: TEXTURE: [ID 90] Unloaded texture data from VRAM (GPU)
INFO: TEXTURE: [ID 91] Unloaded texture data from VRAM (GPU)
INFO: TEXTURE: [ID 92] Unloaded texture data from VRAM (GPU)
INFO: TEXTURE: [ID 21] Unloaded texture data from VRAM (GPU)
INFO: TEXTURE: [ID 22] Unloaded texture data from VRAM (GPU)
INFO: TEXTURE: [ID 20] Unloaded texture data from VRAM (GPU)
INFO: TEXTURE: [ID 19] Unloaded texture data from VRAM (GPU)
INFO: TEXTURE: [ID 17] Unloaded texture data from VRAM (GPU)
INFO: TEXTURE: [ID 18] Unloaded texture data from VRAM (GPU)
INFO: TEXTURE: [ID 16] Unloaded texture data from VRAM (GPU)
INFO: TEXTURE: [ID 14] Unloaded texture data from VRAM (GPU)
INFO: TEXTURE: [ID 15] Unloaded texture data from VRAM (GPU)
INFO: TEXTURE: [ID 13] Unloaded texture data from VRAM (GPU)
INFO: TEXTURE: [ID 23] Unloaded texture data from VRAM (GPU)
INFO: TEXTURE: [ID 24] Unloaded texture data from VRAM (GPU)
INFO: TEXTURE: [ID 12] Unloaded texture data from VRAM (GPU)
INFO: TEXTURE: [ID 11] Unloaded texture data from VRAM (GPU)
INFO: TEXTURE: [ID 10] Unloaded texture data from VRAM (GPU)
INFO: TEXTURE: [ID 8] Unloaded texture data from VRAM (GPU)
INFO: TEXTURE: [ID 9] Unloaded texture data from VRAM (GPU)
INFO: TEXTURE: [ID 7] Unloaded texture data from VRAM (GPU)
INFO: TEXTURE: [ID 6] Unloaded texture data from VRAM (GPU)
INFO: TEXTURE: [ID 5] Unloaded texture data from VRAM (GPU)
INFO: TEXTURE: [ID 2] Unloaded texture data from VRAM (GPU)
INFO: SHADER: [ID 3] Default shader unloaded successfully
INFO: TEXTURE: [ID 1] Default texture unloaded successfully
INFO: Window closed successfully
